topic_id,topic_title,post_id,author,posted_at,source_file,source_url
17201,"[INFO] Pravdy a mapa, obecné věci",650273,Orákulum,2022-08-25T14:53:27+00:00,topics/17201.md,https://rpgforum.cz/forum/viewtopic.php?p=650273#p650273
17201,"[INFO] Pravdy a mapa, obecné věci",650304,Orákulum,2022-08-25T21:16:04+00:00,topics/17201.md,https://rpgforum.cz/forum/viewtopic.php?p=650304#p650304
17201,"[INFO] Pravdy a mapa, obecné věci",650357,Orákulum,2022-08-26T19:12:15+00:00,topics/17201.md,https://rpgforum.cz/forum/viewtopic.php?p=650357#p650357
17201,"[INFO] Pravdy a mapa, obecné věci",654904,Orákulum,2022-10-21T09:41:42+00:00,topics/17201.md,https://rpgforum.cz/forum/viewtopic.php?p=654904#p654904
17201,"[INFO] Pravdy a mapa, obecné věci",687955,Orákulum,2024-01-28T18:12:30+00:00,topics/17201.md,https://rpgforum.cz/forum/viewtopic.php?p=687955#p687955
17202,[META] Komentáře hráčů i kolemjdoucích,650274,Orákulum,2022-08-25T15:00:40+00:00,topics/17202.md,https://rpgforum.cz/forum/viewtopic.php?p=650274#p650274
17203,"[HRA] Dobrý sluha, špatný pán",650283,Orákulum,2022-08-25T18:05:49+00:00,topics/17203.md,https://rpgforum.cz/forum/viewtopic.php?p=650283#p650283
17203,"[HRA] Dobrý sluha, špatný pán",652473,Myrick Lysbærer,2022-09-19T21:09:36+00:00,topics/17203.md,https://rpgforum.cz/forum/viewtopic.php?p=652473#p652473
17203,"[HRA] Dobrý sluha, špatný pán",652480,Tristan Baldurson,2022-09-19T22:17:54+00:00,topics/17203.md,https://rpgforum.cz/forum/viewtopic.php?p=652480#p652480
17203,"[HRA] Dobrý sluha, špatný pán",652519,Tristan Baldurson,2022-09-20T14:26:34+00:00,topics/17203.md,https://rpgforum.cz/forum/viewtopic.php?p=652519#p652519
17203,"[HRA] Dobrý sluha, špatný pán",652553,Myrick Lysbærer,2022-09-20T19:13:23+00:00,topics/17203.md,https://rpgforum.cz/forum/viewtopic.php?p=652553#p652553
17203,"[HRA] Dobrý sluha, špatný pán",652570,Orákulum,2022-09-20T20:40:56+00:00,topics/17203.md,https://rpgforum.cz/forum/viewtopic.php?p=652570#p652570
17203,"[HRA] Dobrý sluha, špatný pán",652654,Myrick Lysbærer,2022-09-21T11:33:00+00:00,topics/17203.md,https://rpgforum.cz/forum/viewtopic.php?p=652654#p652654
17203,"[HRA] Dobrý sluha, špatný pán",652674,Orákulum,2022-09-21T13:54:19+00:00,topics/17203.md,https://rpgforum.cz/forum/viewtopic.php?p=652674#p652674
17203,"[HRA] Dobrý sluha, špatný pán",652723,Tristan Baldurson,2022-09-21T21:40:34+00:00,topics/17203.md,https://rpgforum.cz/forum/viewtopic.php?p=652723#p652723
17203,"[HRA] Dobrý sluha, špatný pán",652725,Myrick Lysbærer,2022-09-21T22:10:24+00:00,topics/17203.md,https://rpgforum.cz/forum/viewtopic.php?p=652725#p652725
17203,"[HRA] Dobrý sluha, špatný pán",652751,Tristan Baldurson,2022-09-22T15:05:47+00:00,topics/17203.md,https://rpgforum.cz/forum/viewtopic.php?p=652751#p652751
17203,"[HRA] Dobrý sluha, špatný pán",652770,Orákulum,2022-09-22T21:00:58+00:00,topics/17203.md,https://rpgforum.cz/forum/viewtopic.php?p=652770#p652770
17203,"[HRA] Dobrý sluha, špatný pán",652771,Tristan Baldurson,2022-09-22T21:19:12+00:00,topics/17203.md,https://rpgforum.cz/forum/viewtopic.php?p=652771#p652771
17203,"[HRA] Dobrý sluha, špatný pán",652774,Orákulum,2022-09-22T21:36:45+00:00,topics/17203.md,https://rpgforum.cz/forum/viewtopic.php?p=652774#p652774
17203,"[HRA] Dobrý sluha, špatný pán",652780,Tristan Baldurson,2022-09-23T10:08:16+00:00,topics/17203.md,https://rpgforum.cz/forum/viewtopic.php?p=652780#p652780
17203,"[HRA] Dobrý sluha, špatný pán",652786,Orákulum,2022-09-23T12:28:44+00:00,topics/17203.md,https://rpgforum.cz/forum/viewtopic.php?p=652786#p652786
17203,"[HRA] Dobrý sluha, špatný pán",652791,Myrick Lysbærer,2022-09-23T14:34:10+00:00,topics/17203.md,https://rpgforum.cz/forum/viewtopic.php?p=652791#p652791
17203,"[HRA] Dobrý sluha, špatný pán",652804,Beltran z Kalné vody,2022-09-23T21:31:37+00:00,topics/17203.md,https://rpgforum.cz/forum/viewtopic.php?p=652804#p652804
17203,"[HRA] Dobrý sluha, špatný pán",652806,Orákulum,2022-09-23T22:33:16+00:00,topics/17203.md,https://rpgforum.cz/forum/viewtopic.php?p=652806#p652806
17203,"[HRA] Dobrý sluha, špatný pán",652815,Tristan Baldurson,2022-09-24T17:00:02+00:00,topics/17203.md,https://rpgforum.cz/forum/viewtopic.php?p=652815#p652815
17203,"[HRA] Dobrý sluha, špatný pán",652823,Beltran z Kalné vody,2022-09-25T00:24:50+00:00,topics/17203.md,https://rpgforum.cz/forum/viewtopic.php?p=652823#p652823
17203,"[HRA] Dobrý sluha, špatný pán",652866,Tristan Baldurson,2022-09-25T16:41:50+00:00,topics/17203.md,https://rpgforum.cz/forum/viewtopic.php?p=652866#p652866
17203,"[HRA] Dobrý sluha, špatný pán",652891,Myrick Lysbærer,2022-09-25T18:42:12+00:00,topics/17203.md,https://rpgforum.cz/forum/viewtopic.php?p=652891#p652891
17203,"[HRA] Dobrý sluha, špatný pán",652961,Tristan Baldurson,2022-09-26T12:03:49+00:00,topics/17203.md,https://rpgforum.cz/forum/viewtopic.php?p=652961#p652961
17203,"[HRA] Dobrý sluha, špatný pán",652988,Orákulum,2022-09-26T21:52:48+00:00,topics/17203.md,https://rpgforum.cz/forum/viewtopic.php?p=652988#p652988
17203,"[HRA] Dobrý sluha, špatný pán",653012,Tristan Baldurson,2022-09-27T11:10:24+00:00,topics/17203.md,https://rpgforum.cz/forum/viewtopic.php?p=653012#p653012
17203,"[HRA] Dobrý sluha, špatný pán",653014,Myrick Lysbærer,2022-09-27T11:57:24+00:00,topics/17203.md,https://rpgforum.cz/forum/viewtopic.php?p=653014#p653014
17203,"[HRA] Dobrý sluha, špatný pán",653051,Myrick Lysbærer,2022-09-27T21:13:51+00:00,topics/17203.md,https://rpgforum.cz/forum/viewtopic.php?p=653051#p653051
17203,"[HRA] Dobrý sluha, špatný pán",653054,Tristan Baldurson,2022-09-27T21:47:40+00:00,topics/17203.md,https://rpgforum.cz/forum/viewtopic.php?p=653054#p653054
17203,"[HRA] Dobrý sluha, špatný pán",653080,Beltran z Kalné vody,2022-09-28T10:27:53+00:00,topics/17203.md,https://rpgforum.cz/forum/viewtopic.php?p=653080#p653080
17203,"[HRA] Dobrý sluha, špatný pán",653092,Tristan Baldurson,2022-09-28T13:21:52+00:00,topics/17203.md,https://rpgforum.cz/forum/viewtopic.php?p=653092#p653092
17203,"[HRA] Dobrý sluha, špatný pán",653093,Myrick Lysbærer,2022-09-28T13:22:19+00:00,topics/17203.md,https://rpgforum.cz/forum/viewtopic.php?p=653093#p653093
17203,"[HRA] Dobrý sluha, špatný pán",653106,Tristan Baldurson,2022-09-28T18:12:43+00:00,topics/17203.md,https://rpgforum.cz/forum/viewtopic.php?p=653106#p653106
17203,"[HRA] Dobrý sluha, špatný pán",653110,Orákulum,2022-09-28T18:55:58+00:00,topics/17203.md,https://rpgforum.cz/forum/viewtopic.php?p=653110#p653110
17203,"[HRA] Dobrý sluha, špatný pán",653128,Myrick Lysbærer,2022-09-28T22:02:00+00:00,topics/17203.md,https://rpgforum.cz/forum/viewtopic.php?p=653128#p653128
17203,"[HRA] Dobrý sluha, špatný pán",653167,Tristan Baldurson,2022-09-29T14:20:55+00:00,topics/17203.md,https://rpgforum.cz/forum/viewtopic.php?p=653167#p653167
17203,"[HRA] Dobrý sluha, špatný pán",653212,Beltran z Kalné vody,2022-09-29T21:47:51+00:00,topics/17203.md,https://rpgforum.cz/forum/viewtopic.php?p=653212#p653212
17203,"[HRA] Dobrý sluha, špatný pán",653306,Myrick Lysbærer,2022-09-30T21:08:38+00:00,topics/17203.md,https://rpgforum.cz/forum/viewtopic.php?p=653306#p653306
17203,"[HRA] Dobrý sluha, špatný pán",653362,Beltran z Kalné vody,2022-10-01T22:53:43+00:00,topics/17203.md,https://rpgforum.cz/forum/viewtopic.php?p=653362#p653362
17203,"[HRA] Dobrý sluha, špatný pán",653377,Myrick Lysbærer,2022-10-02T13:16:09+00:00,topics/17203.md,https://rpgforum.cz/forum/viewtopic.php?p=653377#p653377
17203,"[HRA] Dobrý sluha, špatný pán",653405,Beltran z Kalné vody,2022-10-02T20:53:15+00:00,topics/17203.md,https://rpgforum.cz/forum/viewtopic.php?p=653405#p653405
17203,"[HRA] Dobrý sluha, špatný pán",653407,Tristan Baldurson,2022-10-02T20:59:25+00:00,topics/17203.md,https://rpgforum.cz/forum/viewtopic.php?p=653407#p653407
17203,"[HRA] Dobrý sluha, špatný pán",653415,Myrick Lysbærer,2022-10-02T21:26:50+00:00,topics/17203.md,https://rpgforum.cz/forum/viewtopic.php?p=653415#p653415
17203,"[HRA] Dobrý sluha, špatný pán",653424,Beltran z Kalné vody,2022-10-02T22:14:26+00:00,topics/17203.md,https://rpgforum.cz/forum/viewtopic.php?p=653424#p653424
17203,"[HRA] Dobrý sluha, špatný pán",653482,Myrick Lysbærer,2022-10-03T21:55:10+00:00,topics/17203.md,https://rpgforum.cz/forum/viewtopic.php?p=653482#p653482
17203,"[HRA] Dobrý sluha, špatný pán",653483,Beltran z Kalné vody,2022-10-03T23:01:50+00:00,topics/17203.md,https://rpgforum.cz/forum/viewtopic.php?p=653483#p653483
17203,"[HRA] Dobrý sluha, špatný pán",653506,Tristan Baldurson,2022-10-04T09:30:55+00:00,topics/17203.md,https://rpgforum.cz/forum/viewtopic.php?p=653506#p653506
17203,"[HRA] Dobrý sluha, špatný pán",653510,Myrick Lysbærer,2022-10-04T10:28:43+00:00,topics/17203.md,https://rpgforum.cz/forum/viewtopic.php?p=653510#p653510
17203,"[HRA] Dobrý sluha, špatný pán",653514,Tristan Baldurson,2022-10-04T12:18:31+00:00,topics/17203.md,https://rpgforum.cz/forum/viewtopic.php?p=653514#p653514
17203,"[HRA] Dobrý sluha, špatný pán",653577,Myrick Lysbærer,2022-10-04T21:32:21+00:00,topics/17203.md,https://rpgforum.cz/forum/viewtopic.php?p=653577#p653577
17203,"[HRA] Dobrý sluha, špatný pán",653580,Beltran z Kalné vody,2022-10-04T23:25:02+00:00,topics/17203.md,https://rpgforum.cz/forum/viewtopic.php?p=653580#p653580
17203,"[HRA] Dobrý sluha, špatný pán",653581,Myrick Lysbærer,2022-10-05T01:07:33+00:00,topics/17203.md,https://rpgforum.cz/forum/viewtopic.php?p=653581#p653581
17203,"[HRA] Dobrý sluha, špatný pán",653603,Orákulum,2022-10-05T11:15:12+00:00,topics/17203.md,https://rpgforum.cz/forum/viewtopic.php?p=653603#p653603
17203,"[HRA] Dobrý sluha, špatný pán",653605,Orákulum,2022-10-05T12:04:49+00:00,topics/17203.md,https://rpgforum.cz/forum/viewtopic.php?p=653605#p653605
17203,"[HRA] Dobrý sluha, špatný pán",653613,Tristan Baldurson,2022-10-05T15:10:39+00:00,topics/17203.md,https://rpgforum.cz/forum/viewtopic.php?p=653613#p653613
17203,"[HRA] Dobrý sluha, špatný pán",653634,Beltran z Kalné vody,2022-10-05T19:11:17+00:00,topics/17203.md,https://rpgforum.cz/forum/viewtopic.php?p=653634#p653634
17203,"[HRA] Dobrý sluha, špatný pán",653640,Myrick Lysbærer,2022-10-05T19:47:29+00:00,topics/17203.md,https://rpgforum.cz/forum/viewtopic.php?p=653640#p653640
17203,"[HRA] Dobrý sluha, špatný pán",653665,Orákulum,2022-10-06T09:22:50+00:00,topics/17203.md,https://rpgforum.cz/forum/viewtopic.php?p=653665#p653665
17203,"[HRA] Dobrý sluha, špatný pán",653674,Myrick Lysbærer,2022-10-06T10:08:11+00:00,topics/17203.md,https://rpgforum.cz/forum/viewtopic.php?p=653674#p653674
17203,"[HRA] Dobrý sluha, špatný pán",653723,Beltran z Kalné vody,2022-10-07T08:46:55+00:00,topics/17203.md,https://rpgforum.cz/forum/viewtopic.php?p=653723#p653723
17203,"[HRA] Dobrý sluha, špatný pán",653726,Tristan Baldurson,2022-10-07T10:14:13+00:00,topics/17203.md,https://rpgforum.cz/forum/viewtopic.php?p=653726#p653726
17203,"[HRA] Dobrý sluha, špatný pán",653793,Myrick Lysbærer,2022-10-08T07:52:01+00:00,topics/17203.md,https://rpgforum.cz/forum/viewtopic.php?p=653793#p653793
17203,"[HRA] Dobrý sluha, špatný pán",653911,Beltran z Kalné vody,2022-10-09T14:51:16+00:00,topics/17203.md,https://rpgforum.cz/forum/viewtopic.php?p=653911#p653911
17203,"[HRA] Dobrý sluha, špatný pán",653943,Myrick Lysbærer,2022-10-09T20:47:03+00:00,topics/17203.md,https://rpgforum.cz/forum/viewtopic.php?p=653943#p653943
17203,"[HRA] Dobrý sluha, špatný pán",653947,Orákulum,2022-10-09T22:56:13+00:00,topics/17203.md,https://rpgforum.cz/forum/viewtopic.php?p=653947#p653947
17203,"[HRA] Dobrý sluha, špatný pán",653949,Myrick Lysbærer,2022-10-09T23:47:34+00:00,topics/17203.md,https://rpgforum.cz/forum/viewtopic.php?p=653949#p653949
17203,"[HRA] Dobrý sluha, špatný pán",654056,Tristan Baldurson,2022-10-10T19:18:10+00:00,topics/17203.md,https://rpgforum.cz/forum/viewtopic.php?p=654056#p654056
17203,"[HRA] Dobrý sluha, špatný pán",654091,Myrick Lysbærer,2022-10-10T22:14:29+00:00,topics/17203.md,https://rpgforum.cz/forum/viewtopic.php?p=654091#p654091
17203,"[HRA] Dobrý sluha, špatný pán",654116,Tristan Baldurson,2022-10-11T09:35:11+00:00,topics/17203.md,https://rpgforum.cz/forum/viewtopic.php?p=654116#p654116
17203,"[HRA] Dobrý sluha, špatný pán",654142,Myrick Lysbærer,2022-10-11T16:40:58+00:00,topics/17203.md,https://rpgforum.cz/forum/viewtopic.php?p=654142#p654142
17203,"[HRA] Dobrý sluha, špatný pán",654160,Tristan Baldurson,2022-10-11T19:28:39+00:00,topics/17203.md,https://rpgforum.cz/forum/viewtopic.php?p=654160#p654160
17203,"[HRA] Dobrý sluha, špatný pán",654167,Myrick Lysbærer,2022-10-11T21:01:53+00:00,topics/17203.md,https://rpgforum.cz/forum/viewtopic.php?p=654167#p654167
17203,"[HRA] Dobrý sluha, špatný pán",654170,Beltran z Kalné vody,2022-10-11T21:48:13+00:00,topics/17203.md,https://rpgforum.cz/forum/viewtopic.php?p=654170#p654170
17203,"[HRA] Dobrý sluha, špatný pán",654176,Myrick Lysbærer,2022-10-11T22:23:47+00:00,topics/17203.md,https://rpgforum.cz/forum/viewtopic.php?p=654176#p654176
17203,"[HRA] Dobrý sluha, špatný pán",654210,Beltran z Kalné vody,2022-10-12T10:27:35+00:00,topics/17203.md,https://rpgforum.cz/forum/viewtopic.php?p=654210#p654210
17203,"[HRA] Dobrý sluha, špatný pán",654225,Tristan Baldurson,2022-10-12T13:44:39+00:00,topics/17203.md,https://rpgforum.cz/forum/viewtopic.php?p=654225#p654225
17203,"[HRA] Dobrý sluha, špatný pán",654236,Myrick Lysbærer,2022-10-12T15:57:36+00:00,topics/17203.md,https://rpgforum.cz/forum/viewtopic.php?p=654236#p654236
17203,"[HRA] Dobrý sluha, špatný pán",654260,Tristan Baldurson,2022-10-12T23:37:44+00:00,topics/17203.md,https://rpgforum.cz/forum/viewtopic.php?p=654260#p654260
17203,"[HRA] Dobrý sluha, špatný pán",654288,Beltran z Kalné vody,2022-10-13T11:05:25+00:00,topics/17203.md,https://rpgforum.cz/forum/viewtopic.php?p=654288#p654288
17203,"[HRA] Dobrý sluha, špatný pán",654303,Myrick Lysbærer,2022-10-13T13:18:42+00:00,topics/17203.md,https://rpgforum.cz/forum/viewtopic.php?p=654303#p654303
17203,"[HRA] Dobrý sluha, špatný pán",654321,Tristan Baldurson,2022-10-13T17:09:04+00:00,topics/17203.md,https://rpgforum.cz/forum/viewtopic.php?p=654321#p654321
17203,"[HRA] Dobrý sluha, špatný pán",654340,Beltran z Kalné vody,2022-10-13T22:07:58+00:00,topics/17203.md,https://rpgforum.cz/forum/viewtopic.php?p=654340#p654340
17203,"[HRA] Dobrý sluha, špatný pán",654341,Myrick Lysbærer,2022-10-14T00:21:55+00:00,topics/17203.md,https://rpgforum.cz/forum/viewtopic.php?p=654341#p654341
17203,"[HRA] Dobrý sluha, špatný pán",654371,Tristan Baldurson,2022-10-14T14:54:59+00:00,topics/17203.md,https://rpgforum.cz/forum/viewtopic.php?p=654371#p654371
17203,"[HRA] Dobrý sluha, špatný pán",654372,Myrick Lysbærer,2022-10-14T16:31:14+00:00,topics/17203.md,https://rpgforum.cz/forum/viewtopic.php?p=654372#p654372
17203,"[HRA] Dobrý sluha, špatný pán",654417,Tristan Baldurson,2022-10-15T10:31:24+00:00,topics/17203.md,https://rpgforum.cz/forum/viewtopic.php?p=654417#p654417
17203,"[HRA] Dobrý sluha, špatný pán",654450,Myrick Lysbærer,2022-10-15T20:06:20+00:00,topics/17203.md,https://rpgforum.cz/forum/viewtopic.php?p=654450#p654450
17203,"[HRA] Dobrý sluha, špatný pán",654456,Tristan Baldurson,2022-10-15T21:32:28+00:00,topics/17203.md,https://rpgforum.cz/forum/viewtopic.php?p=654456#p654456
17203,"[HRA] Dobrý sluha, špatný pán",654460,Myrick Lysbærer,2022-10-15T22:16:39+00:00,topics/17203.md,https://rpgforum.cz/forum/viewtopic.php?p=654460#p654460
17203,"[HRA] Dobrý sluha, špatný pán",654483,Tristan Baldurson,2022-10-16T09:45:16+00:00,topics/17203.md,https://rpgforum.cz/forum/viewtopic.php?p=654483#p654483
17203,"[HRA] Dobrý sluha, špatný pán",654523,Orákulum,2022-10-16T20:50:11+00:00,topics/17203.md,https://rpgforum.cz/forum/viewtopic.php?p=654523#p654523
17203,"[HRA] Dobrý sluha, špatný pán",654604,Tristan Baldurson,2022-10-17T19:57:10+00:00,topics/17203.md,https://rpgforum.cz/forum/viewtopic.php?p=654604#p654604
17203,"[HRA] Dobrý sluha, špatný pán",654627,Myrick Lysbærer,2022-10-17T21:36:18+00:00,topics/17203.md,https://rpgforum.cz/forum/viewtopic.php?p=654627#p654627
17203,"[HRA] Dobrý sluha, špatný pán",654631,Beltran z Kalné vody,2022-10-17T23:39:43+00:00,topics/17203.md,https://rpgforum.cz/forum/viewtopic.php?p=654631#p654631
17203,"[HRA] Dobrý sluha, špatný pán",654678,Myrick Lysbærer,2022-10-18T12:06:14+00:00,topics/17203.md,https://rpgforum.cz/forum/viewtopic.php?p=654678#p654678
17203,"[HRA] Dobrý sluha, špatný pán",654816,Tristan Baldurson,2022-10-19T20:31:07+00:00,topics/17203.md,https://rpgforum.cz/forum/viewtopic.php?p=654816#p654816
17203,"[HRA] Dobrý sluha, špatný pán",654819,Beltran z Kalné vody,2022-10-19T21:14:14+00:00,topics/17203.md,https://rpgforum.cz/forum/viewtopic.php?p=654819#p654819
17203,"[HRA] Dobrý sluha, špatný pán",654820,Myrick Lysbærer,2022-10-19T21:39:52+00:00,topics/17203.md,https://rpgforum.cz/forum/viewtopic.php?p=654820#p654820
17203,"[HRA] Dobrý sluha, špatný pán",654821,Beltran z Kalné vody,2022-10-19T22:03:46+00:00,topics/17203.md,https://rpgforum.cz/forum/viewtopic.php?p=654821#p654821
17203,"[HRA] Dobrý sluha, špatný pán",654822,Myrick Lysbærer,2022-10-19T22:09:27+00:00,topics/17203.md,https://rpgforum.cz/forum/viewtopic.php?p=654822#p654822
17203,"[HRA] Dobrý sluha, špatný pán",654823,Beltran z Kalné vody,2022-10-19T22:58:34+00:00,topics/17203.md,https://rpgforum.cz/forum/viewtopic.php?p=654823#p654823
17203,"[HRA] Dobrý sluha, špatný pán",654846,Myrick Lysbærer,2022-10-20T09:16:33+00:00,topics/17203.md,https://rpgforum.cz/forum/viewtopic.php?p=654846#p654846
17203,"[HRA] Dobrý sluha, špatný pán",654865,Tristan Baldurson,2022-10-20T13:11:52+00:00,topics/17203.md,https://rpgforum.cz/forum/viewtopic.php?p=654865#p654865
17203,"[HRA] Dobrý sluha, špatný pán",654869,Orákulum,2022-10-20T13:52:20+00:00,topics/17203.md,https://rpgforum.cz/forum/viewtopic.php?p=654869#p654869
17203,"[HRA] Dobrý sluha, špatný pán",654888,Tristan Baldurson,2022-10-20T20:30:46+00:00,topics/17203.md,https://rpgforum.cz/forum/viewtopic.php?p=654888#p654888
17203,"[HRA] Dobrý sluha, špatný pán",654909,Beltran z Kalné vody,2022-10-21T10:35:04+00:00,topics/17203.md,https://rpgforum.cz/forum/viewtopic.php?p=654909#p654909
17203,"[HRA] Dobrý sluha, špatný pán",654918,Myrick Lysbærer,2022-10-21T12:53:24+00:00,topics/17203.md,https://rpgforum.cz/forum/viewtopic.php?p=654918#p654918
17203,"[HRA] Dobrý sluha, špatný pán",654936,Tristan Baldurson,2022-10-21T16:27:50+00:00,topics/17203.md,https://rpgforum.cz/forum/viewtopic.php?p=654936#p654936
17203,"[HRA] Dobrý sluha, špatný pán",654951,Beltran z Kalné vody,2022-10-21T22:27:05+00:00,topics/17203.md,https://rpgforum.cz/forum/viewtopic.php?p=654951#p654951
17203,"[HRA] Dobrý sluha, špatný pán",654953,Myrick Lysbærer,2022-10-21T22:55:14+00:00,topics/17203.md,https://rpgforum.cz/forum/viewtopic.php?p=654953#p654953
17203,"[HRA] Dobrý sluha, špatný pán",654964,Orákulum,2022-10-22T08:16:30+00:00,topics/17203.md,https://rpgforum.cz/forum/viewtopic.php?p=654964#p654964
17203,"[HRA] Dobrý sluha, špatný pán",654973,Orákulum,2022-10-22T09:35:20+00:00,topics/17203.md,https://rpgforum.cz/forum/viewtopic.php?p=654973#p654973
17203,"[HRA] Dobrý sluha, špatný pán",655007,Myrick Lysbærer,2022-10-22T22:47:07+00:00,topics/17203.md,https://rpgforum.cz/forum/viewtopic.php?p=655007#p655007
17203,"[HRA] Dobrý sluha, špatný pán",655101,Tristan Baldurson,2022-10-24T15:19:26+00:00,topics/17203.md,https://rpgforum.cz/forum/viewtopic.php?p=655101#p655101
17203,"[HRA] Dobrý sluha, špatný pán",655132,Beltran z Kalné vody,2022-10-24T21:59:30+00:00,topics/17203.md,https://rpgforum.cz/forum/viewtopic.php?p=655132#p655132
17203,"[HRA] Dobrý sluha, špatný pán",655133,Orákulum,2022-10-25T01:25:52+00:00,topics/17203.md,https://rpgforum.cz/forum/viewtopic.php?p=655133#p655133
17203,"[HRA] Dobrý sluha, špatný pán",655134,Myrick Lysbærer,2022-10-25T01:38:44+00:00,topics/17203.md,https://rpgforum.cz/forum/viewtopic.php?p=655134#p655134
17203,"[HRA] Dobrý sluha, špatný pán",655175,Tristan Baldurson,2022-10-25T15:12:59+00:00,topics/17203.md,https://rpgforum.cz/forum/viewtopic.php?p=655175#p655175
17203,"[HRA] Dobrý sluha, špatný pán",655188,Myrick Lysbærer,2022-10-25T18:05:04+00:00,topics/17203.md,https://rpgforum.cz/forum/viewtopic.php?p=655188#p655188
17203,"[HRA] Dobrý sluha, špatný pán",655206,Tristan Baldurson,2022-10-25T21:58:44+00:00,topics/17203.md,https://rpgforum.cz/forum/viewtopic.php?p=655206#p655206
17203,"[HRA] Dobrý sluha, špatný pán",655207,Myrick Lysbærer,2022-10-25T22:13:20+00:00,topics/17203.md,https://rpgforum.cz/forum/viewtopic.php?p=655207#p655207
17203,"[HRA] Dobrý sluha, špatný pán",655208,Myrick Lysbærer,2022-10-25T22:50:48+00:00,topics/17203.md,https://rpgforum.cz/forum/viewtopic.php?p=655208#p655208
17203,"[HRA] Dobrý sluha, špatný pán",655226,Tristan Baldurson,2022-10-26T09:40:28+00:00,topics/17203.md,https://rpgforum.cz/forum/viewtopic.php?p=655226#p655226
17203,"[HRA] Dobrý sluha, špatný pán",655229,Myrick Lysbærer,2022-10-26T10:06:29+00:00,topics/17203.md,https://rpgforum.cz/forum/viewtopic.php?p=655229#p655229
17203,"[HRA] Dobrý sluha, špatný pán",655230,Tristan Baldurson,2022-10-26T10:24:38+00:00,topics/17203.md,https://rpgforum.cz/forum/viewtopic.php?p=655230#p655230
17203,"[HRA] Dobrý sluha, špatný pán",655233,Myrick Lysbærer,2022-10-26T11:25:11+00:00,topics/17203.md,https://rpgforum.cz/forum/viewtopic.php?p=655233#p655233
17203,"[HRA] Dobrý sluha, špatný pán",655236,Tristan Baldurson,2022-10-26T11:56:25+00:00,topics/17203.md,https://rpgforum.cz/forum/viewtopic.php?p=655236#p655236
17203,"[HRA] Dobrý sluha, špatný pán",655280,Beltran z Kalné vody,2022-10-26T23:13:32+00:00,topics/17203.md,https://rpgforum.cz/forum/viewtopic.php?p=655280#p655280
17203,"[HRA] Dobrý sluha, špatný pán",655315,Myrick Lysbærer,2022-10-27T11:41:33+00:00,topics/17203.md,https://rpgforum.cz/forum/viewtopic.php?p=655315#p655315
17203,"[HRA] Dobrý sluha, špatný pán",655373,Myrick Lysbærer,2022-10-28T07:33:15+00:00,topics/17203.md,https://rpgforum.cz/forum/viewtopic.php?p=655373#p655373
17203,"[HRA] Dobrý sluha, špatný pán",655400,Tristan Baldurson,2022-10-28T15:18:07+00:00,topics/17203.md,https://rpgforum.cz/forum/viewtopic.php?p=655400#p655400
17203,"[HRA] Dobrý sluha, špatný pán",655401,Myrick Lysbærer,2022-10-28T15:22:24+00:00,topics/17203.md,https://rpgforum.cz/forum/viewtopic.php?p=655401#p655401
17203,"[HRA] Dobrý sluha, špatný pán",655405,Tristan Baldurson,2022-10-28T16:31:01+00:00,topics/17203.md,https://rpgforum.cz/forum/viewtopic.php?p=655405#p655405
17203,"[HRA] Dobrý sluha, špatný pán",655440,Myrick Lysbærer,2022-10-29T11:24:32+00:00,topics/17203.md,https://rpgforum.cz/forum/viewtopic.php?p=655440#p655440
17203,"[HRA] Dobrý sluha, špatný pán",655541,Tristan Baldurson,2022-10-30T11:38:46+00:00,topics/17203.md,https://rpgforum.cz/forum/viewtopic.php?p=655541#p655541
17203,"[HRA] Dobrý sluha, špatný pán",655576,Myrick Lysbærer,2022-10-30T22:35:38+00:00,topics/17203.md,https://rpgforum.cz/forum/viewtopic.php?p=655576#p655576
17203,"[HRA] Dobrý sluha, špatný pán",655581,Tristan Baldurson,2022-10-31T07:53:07+00:00,topics/17203.md,https://rpgforum.cz/forum/viewtopic.php?p=655581#p655581
17203,"[HRA] Dobrý sluha, špatný pán",655668,Myrick Lysbærer,2022-10-31T20:55:20+00:00,topics/17203.md,https://rpgforum.cz/forum/viewtopic.php?p=655668#p655668
17203,"[HRA] Dobrý sluha, špatný pán",655735,Tristan Baldurson,2022-11-01T12:57:11+00:00,topics/17203.md,https://rpgforum.cz/forum/viewtopic.php?p=655735#p655735
17203,"[HRA] Dobrý sluha, špatný pán",655774,Myrick Lysbærer,2022-11-02T09:15:26+00:00,topics/17203.md,https://rpgforum.cz/forum/viewtopic.php?p=655774#p655774
17203,"[HRA] Dobrý sluha, špatný pán",655843,Tristan Baldurson,2022-11-02T15:32:05+00:00,topics/17203.md,https://rpgforum.cz/forum/viewtopic.php?p=655843#p655843
17203,"[HRA] Dobrý sluha, špatný pán",655870,Tristan Baldurson,2022-11-02T21:18:05+00:00,topics/17203.md,https://rpgforum.cz/forum/viewtopic.php?p=655870#p655870
17203,"[HRA] Dobrý sluha, špatný pán",655872,Myrick Lysbærer,2022-11-02T21:56:44+00:00,topics/17203.md,https://rpgforum.cz/forum/viewtopic.php?p=655872#p655872
17203,"[HRA] Dobrý sluha, špatný pán",655905,Tristan Baldurson,2022-11-03T10:21:39+00:00,topics/17203.md,https://rpgforum.cz/forum/viewtopic.php?p=655905#p655905
17203,"[HRA] Dobrý sluha, špatný pán",655906,Myrick Lysbærer,2022-11-03T10:44:05+00:00,topics/17203.md,https://rpgforum.cz/forum/viewtopic.php?p=655906#p655906
17203,"[HRA] Dobrý sluha, špatný pán",655910,Tristan Baldurson,2022-11-03T12:16:36+00:00,topics/17203.md,https://rpgforum.cz/forum/viewtopic.php?p=655910#p655910
17203,"[HRA] Dobrý sluha, špatný pán",656009,Myrick Lysbærer,2022-11-06T08:36:55+00:00,topics/17203.md,https://rpgforum.cz/forum/viewtopic.php?p=656009#p656009
17203,"[HRA] Dobrý sluha, špatný pán",656010,Myrick Lysbærer,2022-11-06T08:55:07+00:00,topics/17203.md,https://rpgforum.cz/forum/viewtopic.php?p=656010#p656010
17203,"[HRA] Dobrý sluha, špatný pán",656031,Tristan Baldurson,2022-11-06T15:49:31+00:00,topics/17203.md,https://rpgforum.cz/forum/viewtopic.php?p=656031#p656031
17203,"[HRA] Dobrý sluha, špatný pán",656036,Myrick Lysbærer,2022-11-06T19:18:06+00:00,topics/17203.md,https://rpgforum.cz/forum/viewtopic.php?p=656036#p656036
17203,"[HRA] Dobrý sluha, špatný pán",656057,Myrick Lysbærer,2022-11-07T08:47:13+00:00,topics/17203.md,https://rpgforum.cz/forum/viewtopic.php?p=656057#p656057
17203,"[HRA] Dobrý sluha, špatný pán",656095,Tristan Baldurson,2022-11-07T17:37:02+00:00,topics/17203.md,https://rpgforum.cz/forum/viewtopic.php?p=656095#p656095
17203,"[HRA] Dobrý sluha, špatný pán",656116,Myrick Lysbærer,2022-11-08T06:19:55+00:00,topics/17203.md,https://rpgforum.cz/forum/viewtopic.php?p=656116#p656116
17203,"[HRA] Dobrý sluha, špatný pán",656135,Tristan Baldurson,2022-11-08T10:39:30+00:00,topics/17203.md,https://rpgforum.cz/forum/viewtopic.php?p=656135#p656135
17203,"[HRA] Dobrý sluha, špatný pán",656153,Tristan Baldurson,2022-11-08T14:17:33+00:00,topics/17203.md,https://rpgforum.cz/forum/viewtopic.php?p=656153#p656153
17203,"[HRA] Dobrý sluha, špatný pán",656158,Myrick Lysbærer,2022-11-08T14:45:34+00:00,topics/17203.md,https://rpgforum.cz/forum/viewtopic.php?p=656158#p656158
17203,"[HRA] Dobrý sluha, špatný pán",656161,Tristan Baldurson,2022-11-08T15:20:18+00:00,topics/17203.md,https://rpgforum.cz/forum/viewtopic.php?p=656161#p656161
17203,"[HRA] Dobrý sluha, špatný pán",656211,Myrick Lysbærer,2022-11-09T09:10:06+00:00,topics/17203.md,https://rpgforum.cz/forum/viewtopic.php?p=656211#p656211
17203,"[HRA] Dobrý sluha, špatný pán",656276,Tristan Baldurson,2022-11-09T15:11:07+00:00,topics/17203.md,https://rpgforum.cz/forum/viewtopic.php?p=656276#p656276
17203,"[HRA] Dobrý sluha, špatný pán",656309,Myrick Lysbærer,2022-11-09T21:38:19+00:00,topics/17203.md,https://rpgforum.cz/forum/viewtopic.php?p=656309#p656309
17203,"[HRA] Dobrý sluha, špatný pán",656356,Tristan Baldurson,2022-11-10T10:07:49+00:00,topics/17203.md,https://rpgforum.cz/forum/viewtopic.php?p=656356#p656356
17203,"[HRA] Dobrý sluha, špatný pán",656549,Myrick Lysbærer,2022-11-12T13:27:57+00:00,topics/17203.md,https://rpgforum.cz/forum/viewtopic.php?p=656549#p656549
17203,"[HRA] Dobrý sluha, špatný pán",656763,Tristan Baldurson,2022-11-15T15:54:04+00:00,topics/17203.md,https://rpgforum.cz/forum/viewtopic.php?p=656763#p656763
17203,"[HRA] Dobrý sluha, špatný pán",656828,Myrick Lysbærer,2022-11-16T08:53:12+00:00,topics/17203.md,https://rpgforum.cz/forum/viewtopic.php?p=656828#p656828
17203,"[HRA] Dobrý sluha, špatný pán",656838,Tristan Baldurson,2022-11-16T10:30:43+00:00,topics/17203.md,https://rpgforum.cz/forum/viewtopic.php?p=656838#p656838
17203,"[HRA] Dobrý sluha, špatný pán",656858,Tristan Baldurson,2022-11-16T12:39:33+00:00,topics/17203.md,https://rpgforum.cz/forum/viewtopic.php?p=656858#p656858
17203,"[HRA] Dobrý sluha, špatný pán",656923,Myrick Lysbærer,2022-11-16T23:21:06+00:00,topics/17203.md,https://rpgforum.cz/forum/viewtopic.php?p=656923#p656923
17203,"[HRA] Dobrý sluha, špatný pán",656966,Tristan Baldurson,2022-11-17T12:59:20+00:00,topics/17203.md,https://rpgforum.cz/forum/viewtopic.php?p=656966#p656966
17203,"[HRA] Dobrý sluha, špatný pán",656979,Tristan Baldurson,2022-11-17T16:02:19+00:00,topics/17203.md,https://rpgforum.cz/forum/viewtopic.php?p=656979#p656979
17203,"[HRA] Dobrý sluha, špatný pán",657014,Myrick Lysbærer,2022-11-18T10:01:57+00:00,topics/17203.md,https://rpgforum.cz/forum/viewtopic.php?p=657014#p657014
17203,"[HRA] Dobrý sluha, špatný pán",657100,Myrick Lysbærer,2022-11-19T10:07:53+00:00,topics/17203.md,https://rpgforum.cz/forum/viewtopic.php?p=657100#p657100
17203,"[HRA] Dobrý sluha, špatný pán",657115,Tristan Baldurson,2022-11-19T15:18:35+00:00,topics/17203.md,https://rpgforum.cz/forum/viewtopic.php?p=657115#p657115
17203,"[HRA] Dobrý sluha, špatný pán",657340,Tristan Baldurson,2022-11-22T13:38:28+00:00,topics/17203.md,https://rpgforum.cz/forum/viewtopic.php?p=657340#p657340
17203,"[HRA] Dobrý sluha, špatný pán",657805,Myrick Lysbærer,2022-11-25T11:12:04+00:00,topics/17203.md,https://rpgforum.cz/forum/viewtopic.php?p=657805#p657805
17203,"[HRA] Dobrý sluha, špatný pán",657910,Orákulum,2022-11-26T10:32:50+00:00,topics/17203.md,https://rpgforum.cz/forum/viewtopic.php?p=657910#p657910
17203,"[HRA] Dobrý sluha, špatný pán",657923,Tristan Baldurson,2022-11-26T12:11:17+00:00,topics/17203.md,https://rpgforum.cz/forum/viewtopic.php?p=657923#p657923
17203,"[HRA] Dobrý sluha, špatný pán",658127,Tristan Baldurson,2022-11-29T23:07:02+00:00,topics/17203.md,https://rpgforum.cz/forum/viewtopic.php?p=658127#p658127
17203,"[HRA] Dobrý sluha, špatný pán",658192,Tristan Baldurson,2022-11-30T16:01:07+00:00,topics/17203.md,https://rpgforum.cz/forum/viewtopic.php?p=658192#p658192
17203,"[HRA] Dobrý sluha, špatný pán",658248,Tristan Baldurson,2022-12-01T14:41:05+00:00,topics/17203.md,https://rpgforum.cz/forum/viewtopic.php?p=658248#p658248
17203,"[HRA] Dobrý sluha, špatný pán",658470,Myrick Lysbærer,2022-12-04T11:50:19+00:00,topics/17203.md,https://rpgforum.cz/forum/viewtopic.php?p=658470#p658470
17203,"[HRA] Dobrý sluha, špatný pán",658825,Myrick Lysbærer,2022-12-08T21:54:59+00:00,topics/17203.md,https://rpgforum.cz/forum/viewtopic.php?p=658825#p658825
17203,"[HRA] Dobrý sluha, špatný pán",658881,Tristan Baldurson,2022-12-09T19:55:24+00:00,topics/17203.md,https://rpgforum.cz/forum/viewtopic.php?p=658881#p658881
17203,"[HRA] Dobrý sluha, špatný pán",658891,Myrick Lysbærer,2022-12-10T14:57:01+00:00,topics/17203.md,https://rpgforum.cz/forum/viewtopic.php?p=658891#p658891
17203,"[HRA] Dobrý sluha, špatný pán",658905,Tristan Baldurson,2022-12-10T21:22:59+00:00,topics/17203.md,https://rpgforum.cz/forum/viewtopic.php?p=658905#p658905
17203,"[HRA] Dobrý sluha, špatný pán",658909,Myrick Lysbærer,2022-12-10T23:17:54+00:00,topics/17203.md,https://rpgforum.cz/forum/viewtopic.php?p=658909#p658909
17203,"[HRA] Dobrý sluha, špatný pán",659107,Tristan Baldurson,2022-12-13T12:41:34+00:00,topics/17203.md,https://rpgforum.cz/forum/viewtopic.php?p=659107#p659107
17203,"[HRA] Dobrý sluha, špatný pán",659356,Tristan Baldurson,2022-12-16T17:37:43+00:00,topics/17203.md,https://rpgforum.cz/forum/viewtopic.php?p=659356#p659356
17203,"[HRA] Dobrý sluha, špatný pán",659393,Myrick Lysbærer,2022-12-17T19:03:59+00:00,topics/17203.md,https://rpgforum.cz/forum/viewtopic.php?p=659393#p659393
17203,"[HRA] Dobrý sluha, špatný pán",659573,Tristan Baldurson,2022-12-21T12:08:24+00:00,topics/17203.md,https://rpgforum.cz/forum/viewtopic.php?p=659573#p659573
17203,"[HRA] Dobrý sluha, špatný pán",659850,Myrick Lysbærer,2022-12-27T12:17:53+00:00,topics/17203.md,https://rpgforum.cz/forum/viewtopic.php?p=659850#p659850
17203,"[HRA] Dobrý sluha, špatný pán",659868,Tristan Baldurson,2022-12-27T21:19:10+00:00,topics/17203.md,https://rpgforum.cz/forum/viewtopic.php?p=659868#p659868
17204,[LOKACE a NPC] Hrázné ostrovy,650284,Orákulum,2022-08-25T18:08:46+00:00,topics/17204.md,https://rpgforum.cz/forum/viewtopic.php?p=650284#p650284
17204,[LOKACE a NPC] Hrázné ostrovy,650285,Orákulum,2022-08-25T18:09:25+00:00,topics/17204.md,https://rpgforum.cz/forum/viewtopic.php?p=650285#p650285
17204,[LOKACE a NPC] Hrázné ostrovy,650356,Orákulum,2022-08-26T19:08:08+00:00,topics/17204.md,https://rpgforum.cz/forum/viewtopic.php?p=650356#p650356
17204,[LOKACE a NPC] Hrázné ostrovy,655255,Orákulum,2022-10-26T15:45:02+00:00,topics/17204.md,https://rpgforum.cz/forum/viewtopic.php?p=655255#p655255
17204,[LOKACE a NPC] Hrázné ostrovy,690798,Orákulum,2024-03-12T12:43:37+00:00,topics/17204.md,https://rpgforum.cz/forum/viewtopic.php?p=690798#p690798
17204,[LOKACE a NPC] Hrázné ostrovy,701309,Orákulum,2024-10-15T08:17:52+00:00,topics/17204.md,https://rpgforum.cz/forum/viewtopic.php?p=701309#p701309
17205,[META] Dohoda o hře a další instrukce,650286,Orákulum,2022-08-25T18:11:25+00:00,topics/17205.md,https://rpgforum.cz/forum/viewtopic.php?p=650286#p650286
17205,[META] Dohoda o hře a další instrukce,651757,Orákulum,2022-09-11T10:09:49+00:00,topics/17205.md,https://rpgforum.cz/forum/viewtopic.php?p=651757#p651757
17205,[META] Dohoda o hře a další instrukce,663101,Bjorn Olafsson,2023-02-03T14:39:07+00:00,topics/17205.md,https://rpgforum.cz/forum/viewtopic.php?p=663101#p663101
17205,[META] Dohoda o hře a další instrukce,667647,Bjorn Olafsson,2023-03-27T13:22:30+00:00,topics/17205.md,https://rpgforum.cz/forum/viewtopic.php?p=667647#p667647
17205,[META] Dohoda o hře a další instrukce,676401,Orákulum,2023-07-17T13:51:45+00:00,topics/17205.md,https://rpgforum.cz/forum/viewtopic.php?p=676401#p676401
17205,[META] Dohoda o hře a další instrukce,681210,Orákulum,2023-09-27T08:29:52+00:00,topics/17205.md,https://rpgforum.cz/forum/viewtopic.php?p=681210#p681210
17205,[META] Dohoda o hře a další instrukce,689485,Bjorn Olafsson,2024-02-21T18:48:21+00:00,topics/17205.md,https://rpgforum.cz/forum/viewtopic.php?p=689485#p689485
17231,[LOKACE a NPC] Útočiště,650871,Orákulum,2022-09-02T11:19:23+00:00,topics/17231.md,https://rpgforum.cz/forum/viewtopic.php?p=650871#p650871
17231,[LOKACE a NPC] Útočiště,650873,Orákulum,2022-09-02T11:22:06+00:00,topics/17231.md,https://rpgforum.cz/forum/viewtopic.php?p=650873#p650873
17231,[LOKACE a NPC] Útočiště,650875,Orákulum,2022-09-02T11:23:19+00:00,topics/17231.md,https://rpgforum.cz/forum/viewtopic.php?p=650875#p650875
17231,[LOKACE a NPC] Útočiště,664219,Orákulum,2023-02-16T20:39:19+00:00,topics/17231.md,https://rpgforum.cz/forum/viewtopic.php?p=664219#p664219
17231,[LOKACE a NPC] Útočiště,664586,Orákulum,2023-02-22T00:49:39+00:00,topics/17231.md,https://rpgforum.cz/forum/viewtopic.php?p=664586#p664586
17231,[LOKACE a NPC] Útočiště,671439,Orákulum,2023-05-16T12:03:57+00:00,topics/17231.md,https://rpgforum.cz/forum/viewtopic.php?p=671439#p671439
17231,[LOKACE a NPC] Útočiště,671440,Orákulum,2023-05-16T12:08:25+00:00,topics/17231.md,https://rpgforum.cz/forum/viewtopic.php?p=671440#p671440
17231,[LOKACE a NPC] Útočiště,671992,Orákulum,2023-05-24T10:27:02+00:00,topics/17231.md,https://rpgforum.cz/forum/viewtopic.php?p=671992#p671992
17231,[LOKACE a NPC] Útočiště,676332,Orákulum,2023-07-15T17:02:06+00:00,topics/17231.md,https://rpgforum.cz/forum/viewtopic.php?p=676332#p676332
17231,[LOKACE a NPC] Útočiště,679067,Orákulum,2023-08-23T13:26:39+00:00,topics/17231.md,https://rpgforum.cz/forum/viewtopic.php?p=679067#p679067
17231,[LOKACE a NPC] Útočiště,685160,Orákulum,2023-12-11T11:08:45+00:00,topics/17231.md,https://rpgforum.cz/forum/viewtopic.php?p=685160#p685160
17231,[LOKACE a NPC] Útočiště,685161,Orákulum,2023-12-11T11:12:56+00:00,topics/17231.md,https://rpgforum.cz/forum/viewtopic.php?p=685161#p685161
17231,[LOKACE a NPC] Útočiště,685165,Orákulum,2023-12-11T11:39:03+00:00,topics/17231.md,https://rpgforum.cz/forum/viewtopic.php?p=685165#p685165
17231,[LOKACE a NPC] Útočiště,685970,Orákulum,2023-12-28T18:21:18+00:00,topics/17231.md,https://rpgforum.cz/forum/viewtopic.php?p=685970#p685970
17231,[LOKACE a NPC] Útočiště,686261,Orákulum,2024-01-03T09:29:45+00:00,topics/17231.md,https://rpgforum.cz/forum/viewtopic.php?p=686261#p686261
17231,[LOKACE a NPC] Útočiště,688056,Orákulum,2024-01-31T10:35:24+00:00,topics/17231.md,https://rpgforum.cz/forum/viewtopic.php?p=688056#p688056
17231,[LOKACE a NPC] Útočiště,689107,Orákulum,2024-02-16T08:52:20+00:00,topics/17231.md,https://rpgforum.cz/forum/viewtopic.php?p=689107#p689107
17231,[LOKACE a NPC] Útočiště,690803,Orákulum,2024-03-12T13:30:13+00:00,topics/17231.md,https://rpgforum.cz/forum/viewtopic.php?p=690803#p690803
17231,[LOKACE a NPC] Útočiště,690903,Orákulum,2024-03-14T15:21:47+00:00,topics/17231.md,https://rpgforum.cz/forum/viewtopic.php?p=690903#p690903
17231,[LOKACE a NPC] Útočiště,696895,Orákulum,2024-06-27T09:52:31+00:00,topics/17231.md,https://rpgforum.cz/forum/viewtopic.php?p=696895#p696895
17231,[LOKACE a NPC] Útočiště,697239,Orákulum,2024-07-09T09:16:03+00:00,topics/17231.md,https://rpgforum.cz/forum/viewtopic.php?p=697239#p697239
17234,[POSTAVA] Tristan Baldurson,651144,Tristan Baldurson,2022-09-05T19:13:35+00:00,topics/17234.md,https://rpgforum.cz/forum/viewtopic.php?p=651144#p651144
17234,[POSTAVA] Tristan Baldurson,652344,Tristan Baldurson,2022-09-17T20:32:22+00:00,topics/17234.md,https://rpgforum.cz/forum/viewtopic.php?p=652344#p652344
17234,[POSTAVA] Tristan Baldurson,652345,Tristan Baldurson,2022-09-17T20:32:32+00:00,topics/17234.md,https://rpgforum.cz/forum/viewtopic.php?p=652345#p652345
17234,[POSTAVA] Tristan Baldurson,652346,Tristan Baldurson,2022-09-17T20:32:41+00:00,topics/17234.md,https://rpgforum.cz/forum/viewtopic.php?p=652346#p652346
17234,[POSTAVA] Tristan Baldurson,652347,Tristan Baldurson,2022-09-17T20:32:49+00:00,topics/17234.md,https://rpgforum.cz/forum/viewtopic.php?p=652347#p652347
17234,[POSTAVA] Tristan Baldurson,652348,Tristan Baldurson,2022-09-17T20:32:55+00:00,topics/17234.md,https://rpgforum.cz/forum/viewtopic.php?p=652348#p652348
17235,[POSTAVA] Myrick Lysbærer,651159,Myrick Lysbærer,2022-09-06T05:38:37+00:00,topics/17235.md,https://rpgforum.cz/forum/viewtopic.php?p=651159#p651159
17235,[POSTAVA] Myrick Lysbærer,652288,Myrick Lysbærer,2022-09-16T13:00:06+00:00,topics/17235.md,https://rpgforum.cz/forum/viewtopic.php?p=652288#p652288
17235,[POSTAVA] Myrick Lysbærer,652893,Myrick Lysbærer,2022-09-25T18:50:38+00:00,topics/17235.md,https://rpgforum.cz/forum/viewtopic.php?p=652893#p652893
17269,[POSTAVA] Beltran z Kalné vody,652772,Beltran z Kalné vody,2022-09-22T21:23:13+00:00,topics/17269.md,https://rpgforum.cz/forum/viewtopic.php?p=652772#p652772
17269,[POSTAVA] Beltran z Kalné vody,652898,Jezus,2022-09-25T20:00:26+00:00,topics/17269.md,https://rpgforum.cz/forum/viewtopic.php?p=652898#p652898
17269,[POSTAVA] Beltran z Kalné vody,652987,Jezus,2022-09-26T21:21:29+00:00,topics/17269.md,https://rpgforum.cz/forum/viewtopic.php?p=652987#p652987
17269,[POSTAVA] Beltran z Kalné vody,652989,Beltran z Kalné vody,2022-09-26T22:05:45+00:00,topics/17269.md,https://rpgforum.cz/forum/viewtopic.php?p=652989#p652989
17288,[LOKACE a NPC] Členité pobřeží,654617,Orákulum,2022-10-17T20:38:28+00:00,topics/17288.md,https://rpgforum.cz/forum/viewtopic.php?p=654617#p654617
17288,[LOKACE a NPC] Členité pobřeží,654618,Orákulum,2022-10-17T20:39:34+00:00,topics/17288.md,https://rpgforum.cz/forum/viewtopic.php?p=654618#p654618
17288,[LOKACE a NPC] Členité pobřeží,654620,Orákulum,2022-10-17T20:53:34+00:00,topics/17288.md,https://rpgforum.cz/forum/viewtopic.php?p=654620#p654620
17288,[LOKACE a NPC] Členité pobřeží,655818,Orákulum,2022-11-02T13:51:32+00:00,topics/17288.md,https://rpgforum.cz/forum/viewtopic.php?p=655818#p655818
17288,[LOKACE a NPC] Členité pobřeží,660648,Orákulum,2023-01-08T19:59:35+00:00,topics/17288.md,https://rpgforum.cz/forum/viewtopic.php?p=660648#p660648
17288,[LOKACE a NPC] Členité pobřeží,690375,Orákulum,2024-03-05T13:16:52+00:00,topics/17288.md,https://rpgforum.cz/forum/viewtopic.php?p=690375#p690375
17288,[LOKACE a NPC] Členité pobřeží,690801,Orákulum,2024-03-12T13:22:27+00:00,topics/17288.md,https://rpgforum.cz/forum/viewtopic.php?p=690801#p690801
17302,[INFO] Bestiář,655544,Orákulum,2022-10-30T12:27:53+00:00,topics/17302.md,https://rpgforum.cz/forum/viewtopic.php?p=655544#p655544
17302,[INFO] Bestiář,655545,Orákulum,2022-10-30T12:28:45+00:00,topics/17302.md,https://rpgforum.cz/forum/viewtopic.php?p=655545#p655545
17302,[INFO] Bestiář,694214,Orákulum,2024-05-06T13:18:48+00:00,topics/17302.md,https://rpgforum.cz/forum/viewtopic.php?p=694214#p694214
17382,[HRA] Hledání společné cesty,659903,Orákulum,2022-12-28T17:21:36+00:00,topics/17382.md,https://rpgforum.cz/forum/viewtopic.php?p=659903#p659903
17382,[HRA] Hledání společné cesty,659905,Tristan Baldurson,2022-12-28T17:31:26+00:00,topics/17382.md,https://rpgforum.cz/forum/viewtopic.php?p=659905#p659905
17382,[HRA] Hledání společné cesty,659962,Myrick Lysbærer,2022-12-29T10:29:25+00:00,topics/17382.md,https://rpgforum.cz/forum/viewtopic.php?p=659962#p659962
17382,[HRA] Hledání společné cesty,660038,Tristan Baldurson,2022-12-30T18:24:59+00:00,topics/17382.md,https://rpgforum.cz/forum/viewtopic.php?p=660038#p660038
17382,[HRA] Hledání společné cesty,660073,Myrick Lysbærer,2022-12-31T13:12:46+00:00,topics/17382.md,https://rpgforum.cz/forum/viewtopic.php?p=660073#p660073
17382,[HRA] Hledání společné cesty,660128,Tristan Baldurson,2023-01-01T16:58:32+00:00,topics/17382.md,https://rpgforum.cz/forum/viewtopic.php?p=660128#p660128
17382,[HRA] Hledání společné cesty,660162,Myrick Lysbærer,2023-01-01T22:06:20+00:00,topics/17382.md,https://rpgforum.cz/forum/viewtopic.php?p=660162#p660162
17382,[HRA] Hledání společné cesty,660170,Myrick Lysbærer,2023-01-02T07:30:42+00:00,topics/17382.md,https://rpgforum.cz/forum/viewtopic.php?p=660170#p660170
17382,[HRA] Hledání společné cesty,660219,Myrick Lysbærer,2023-01-02T21:35:20+00:00,topics/17382.md,https://rpgforum.cz/forum/viewtopic.php?p=660219#p660219
17382,[HRA] Hledání společné cesty,660223,Tristan Baldurson,2023-01-02T22:51:19+00:00,topics/17382.md,https://rpgforum.cz/forum/viewtopic.php?p=660223#p660223
17382,[HRA] Hledání společné cesty,660225,Myrick Lysbærer,2023-01-02T23:09:07+00:00,topics/17382.md,https://rpgforum.cz/forum/viewtopic.php?p=660225#p660225
17382,[HRA] Hledání společné cesty,660245,Tristan Baldurson,2023-01-03T10:51:04+00:00,topics/17382.md,https://rpgforum.cz/forum/viewtopic.php?p=660245#p660245
17382,[HRA] Hledání společné cesty,660367,Myrick Lysbærer,2023-01-04T21:58:29+00:00,topics/17382.md,https://rpgforum.cz/forum/viewtopic.php?p=660367#p660367
17382,[HRA] Hledání společné cesty,660411,Tristan Baldurson,2023-01-05T10:43:37+00:00,topics/17382.md,https://rpgforum.cz/forum/viewtopic.php?p=660411#p660411
17382,[HRA] Hledání společné cesty,660496,Myrick Lysbærer,2023-01-05T22:50:35+00:00,topics/17382.md,https://rpgforum.cz/forum/viewtopic.php?p=660496#p660496
17382,[HRA] Hledání společné cesty,660516,Tristan Baldurson,2023-01-06T09:48:04+00:00,topics/17382.md,https://rpgforum.cz/forum/viewtopic.php?p=660516#p660516
17382,[HRA] Hledání společné cesty,660562,Bjorn Olafsson,2023-01-06T16:51:34+00:00,topics/17382.md,https://rpgforum.cz/forum/viewtopic.php?p=660562#p660562
17382,[HRA] Hledání společné cesty,660609,Myrick Lysbærer,2023-01-07T22:23:13+00:00,topics/17382.md,https://rpgforum.cz/forum/viewtopic.php?p=660609#p660609
17382,[HRA] Hledání společné cesty,660613,Bjorn Olafsson,2023-01-07T23:56:47+00:00,topics/17382.md,https://rpgforum.cz/forum/viewtopic.php?p=660613#p660613
17382,[HRA] Hledání společné cesty,660651,Tristan Baldurson,2023-01-08T20:49:51+00:00,topics/17382.md,https://rpgforum.cz/forum/viewtopic.php?p=660651#p660651
17382,[HRA] Hledání společné cesty,660725,Myrick Lysbærer,2023-01-09T14:02:00+00:00,topics/17382.md,https://rpgforum.cz/forum/viewtopic.php?p=660725#p660725
17382,[HRA] Hledání společné cesty,660746,Bjorn Olafsson,2023-01-09T17:25:19+00:00,topics/17382.md,https://rpgforum.cz/forum/viewtopic.php?p=660746#p660746
17382,[HRA] Hledání společné cesty,660800,Tristan Baldurson,2023-01-10T10:26:41+00:00,topics/17382.md,https://rpgforum.cz/forum/viewtopic.php?p=660800#p660800
17382,[HRA] Hledání společné cesty,660853,Bjorn Olafsson,2023-01-10T14:47:09+00:00,topics/17382.md,https://rpgforum.cz/forum/viewtopic.php?p=660853#p660853
17382,[HRA] Hledání společné cesty,660857,Tristan Baldurson,2023-01-10T14:58:58+00:00,topics/17382.md,https://rpgforum.cz/forum/viewtopic.php?p=660857#p660857
17382,[HRA] Hledání společné cesty,660860,Myrick Lysbærer,2023-01-10T15:04:43+00:00,topics/17382.md,https://rpgforum.cz/forum/viewtopic.php?p=660860#p660860
17382,[HRA] Hledání společné cesty,660876,Bjorn Olafsson,2023-01-10T16:19:06+00:00,topics/17382.md,https://rpgforum.cz/forum/viewtopic.php?p=660876#p660876
17382,[HRA] Hledání společné cesty,660897,Tristan Baldurson,2023-01-10T21:57:11+00:00,topics/17382.md,https://rpgforum.cz/forum/viewtopic.php?p=660897#p660897
17382,[HRA] Hledání společné cesty,660915,Myrick Lysbærer,2023-01-11T07:31:45+00:00,topics/17382.md,https://rpgforum.cz/forum/viewtopic.php?p=660915#p660915
17382,[HRA] Hledání společné cesty,661079,Bjorn Olafsson,2023-01-12T11:49:25+00:00,topics/17382.md,https://rpgforum.cz/forum/viewtopic.php?p=661079#p661079
17382,[HRA] Hledání společné cesty,661095,Myrick Lysbærer,2023-01-12T15:51:38+00:00,topics/17382.md,https://rpgforum.cz/forum/viewtopic.php?p=661095#p661095
17382,[HRA] Hledání společné cesty,661099,Bjorn Olafsson,2023-01-12T17:24:38+00:00,topics/17382.md,https://rpgforum.cz/forum/viewtopic.php?p=661099#p661099
17382,[HRA] Hledání společné cesty,661134,Myrick Lysbærer,2023-01-12T22:11:48+00:00,topics/17382.md,https://rpgforum.cz/forum/viewtopic.php?p=661134#p661134
17382,[HRA] Hledání společné cesty,661195,Tristan Baldurson,2023-01-13T10:51:21+00:00,topics/17382.md,https://rpgforum.cz/forum/viewtopic.php?p=661195#p661195
17382,[HRA] Hledání společné cesty,661202,Myrick Lysbærer,2023-01-13T11:26:50+00:00,topics/17382.md,https://rpgforum.cz/forum/viewtopic.php?p=661202#p661202
17382,[HRA] Hledání společné cesty,661225,Bjorn Olafsson,2023-01-13T13:04:43+00:00,topics/17382.md,https://rpgforum.cz/forum/viewtopic.php?p=661225#p661225
17382,[HRA] Hledání společné cesty,661249,Myrick Lysbærer,2023-01-13T14:03:15+00:00,topics/17382.md,https://rpgforum.cz/forum/viewtopic.php?p=661249#p661249
17382,[HRA] Hledání společné cesty,661256,Bjorn Olafsson,2023-01-13T14:27:10+00:00,topics/17382.md,https://rpgforum.cz/forum/viewtopic.php?p=661256#p661256
17382,[HRA] Hledání společné cesty,661262,Tristan Baldurson,2023-01-13T15:08:29+00:00,topics/17382.md,https://rpgforum.cz/forum/viewtopic.php?p=661262#p661262
17382,[HRA] Hledání společné cesty,661265,MarkyParky,2023-01-13T15:27:01+00:00,topics/17382.md,https://rpgforum.cz/forum/viewtopic.php?p=661265#p661265
17382,[HRA] Hledání společné cesty,661267,Bjorn Olafsson,2023-01-13T15:48:15+00:00,topics/17382.md,https://rpgforum.cz/forum/viewtopic.php?p=661267#p661267
17382,[HRA] Hledání společné cesty,661275,Tristan Baldurson,2023-01-13T19:38:58+00:00,topics/17382.md,https://rpgforum.cz/forum/viewtopic.php?p=661275#p661275
17382,[HRA] Hledání společné cesty,661279,Bjorn Olafsson,2023-01-13T21:13:51+00:00,topics/17382.md,https://rpgforum.cz/forum/viewtopic.php?p=661279#p661279
17382,[HRA] Hledání společné cesty,661284,Myrick Lysbærer,2023-01-13T21:51:48+00:00,topics/17382.md,https://rpgforum.cz/forum/viewtopic.php?p=661284#p661284
17382,[HRA] Hledání společné cesty,661287,Tristan Baldurson,2023-01-13T22:13:10+00:00,topics/17382.md,https://rpgforum.cz/forum/viewtopic.php?p=661287#p661287
17382,[HRA] Hledání společné cesty,661294,Bjorn Olafsson,2023-01-14T07:50:40+00:00,topics/17382.md,https://rpgforum.cz/forum/viewtopic.php?p=661294#p661294
17382,[HRA] Hledání společné cesty,661332,Myrick Lysbærer,2023-01-14T23:03:31+00:00,topics/17382.md,https://rpgforum.cz/forum/viewtopic.php?p=661332#p661332
17382,[HRA] Hledání společné cesty,661394,Tristan Baldurson,2023-01-15T13:55:28+00:00,topics/17382.md,https://rpgforum.cz/forum/viewtopic.php?p=661394#p661394
17382,[HRA] Hledání společné cesty,661430,Myrick Lysbærer,2023-01-15T18:38:03+00:00,topics/17382.md,https://rpgforum.cz/forum/viewtopic.php?p=661430#p661430
17382,[HRA] Hledání společné cesty,661433,Bjorn Olafsson,2023-01-15T19:05:50+00:00,topics/17382.md,https://rpgforum.cz/forum/viewtopic.php?p=661433#p661433
17382,[HRA] Hledání společné cesty,661437,Tristan Baldurson,2023-01-15T20:28:58+00:00,topics/17382.md,https://rpgforum.cz/forum/viewtopic.php?p=661437#p661437
17382,[HRA] Hledání společné cesty,661525,Bjorn Olafsson,2023-01-16T14:24:17+00:00,topics/17382.md,https://rpgforum.cz/forum/viewtopic.php?p=661525#p661525
17382,[HRA] Hledání společné cesty,661654,Myrick Lysbærer,2023-01-17T12:59:57+00:00,topics/17382.md,https://rpgforum.cz/forum/viewtopic.php?p=661654#p661654
17382,[HRA] Hledání společné cesty,661656,Tristan Baldurson,2023-01-17T13:16:35+00:00,topics/17382.md,https://rpgforum.cz/forum/viewtopic.php?p=661656#p661656
17382,[HRA] Hledání společné cesty,661665,Bjorn Olafsson,2023-01-17T15:36:12+00:00,topics/17382.md,https://rpgforum.cz/forum/viewtopic.php?p=661665#p661665
17382,[HRA] Hledání společné cesty,661679,Myrick Lysbærer,2023-01-17T20:27:14+00:00,topics/17382.md,https://rpgforum.cz/forum/viewtopic.php?p=661679#p661679
17382,[HRA] Hledání společné cesty,661749,Bjorn Olafsson,2023-01-18T17:28:35+00:00,topics/17382.md,https://rpgforum.cz/forum/viewtopic.php?p=661749#p661749
17382,[HRA] Hledání společné cesty,662186,Orákulum,2023-01-22T06:31:37+00:00,topics/17382.md,https://rpgforum.cz/forum/viewtopic.php?p=662186#p662186
17382,[HRA] Hledání společné cesty,662207,Myrick Lysbærer,2023-01-22T13:39:27+00:00,topics/17382.md,https://rpgforum.cz/forum/viewtopic.php?p=662207#p662207
17382,[HRA] Hledání společné cesty,662236,Bjorn Olafsson,2023-01-22T20:22:33+00:00,topics/17382.md,https://rpgforum.cz/forum/viewtopic.php?p=662236#p662236
17382,[HRA] Hledání společné cesty,662307,Tristan Baldurson,2023-01-23T16:26:57+00:00,topics/17382.md,https://rpgforum.cz/forum/viewtopic.php?p=662307#p662307
17382,[HRA] Hledání společné cesty,662566,Myrick Lysbærer,2023-01-26T23:38:55+00:00,topics/17382.md,https://rpgforum.cz/forum/viewtopic.php?p=662566#p662566
17382,[HRA] Hledání společné cesty,662701,Tristan Baldurson,2023-01-28T14:35:24+00:00,topics/17382.md,https://rpgforum.cz/forum/viewtopic.php?p=662701#p662701
17382,[HRA] Hledání společné cesty,662800,Myrick Lysbærer,2023-01-29T22:18:54+00:00,topics/17382.md,https://rpgforum.cz/forum/viewtopic.php?p=662800#p662800
17382,[HRA] Hledání společné cesty,662836,Bjorn Olafsson,2023-01-30T12:04:50+00:00,topics/17382.md,https://rpgforum.cz/forum/viewtopic.php?p=662836#p662836
17382,[HRA] Hledání společné cesty,662912,Tristan Baldurson,2023-01-31T23:03:16+00:00,topics/17382.md,https://rpgforum.cz/forum/viewtopic.php?p=662912#p662912
17382,[HRA] Hledání společné cesty,663191,Tristan Baldurson,2023-02-04T21:05:15+00:00,topics/17382.md,https://rpgforum.cz/forum/viewtopic.php?p=663191#p663191
17382,[HRA] Hledání společné cesty,663196,Myrick Lysbærer,2023-02-04T22:59:25+00:00,topics/17382.md,https://rpgforum.cz/forum/viewtopic.php?p=663196#p663196
17382,[HRA] Hledání společné cesty,663218,Bjorn Olafsson,2023-02-05T14:50:27+00:00,topics/17382.md,https://rpgforum.cz/forum/viewtopic.php?p=663218#p663218
17382,[HRA] Hledání společné cesty,663296,Tristan Baldurson,2023-02-06T09:27:00+00:00,topics/17382.md,https://rpgforum.cz/forum/viewtopic.php?p=663296#p663296
17382,[HRA] Hledání společné cesty,663379,Tristan Baldurson,2023-02-07T10:33:23+00:00,topics/17382.md,https://rpgforum.cz/forum/viewtopic.php?p=663379#p663379
17382,[HRA] Hledání společné cesty,663387,Bjorn Olafsson,2023-02-07T12:03:59+00:00,topics/17382.md,https://rpgforum.cz/forum/viewtopic.php?p=663387#p663387
17382,[HRA] Hledání společné cesty,663631,Myrick Lysbærer,2023-02-09T23:54:39+00:00,topics/17382.md,https://rpgforum.cz/forum/viewtopic.php?p=663631#p663631
17382,[HRA] Hledání společné cesty,663893,Tristan Baldurson,2023-02-13T16:13:30+00:00,topics/17382.md,https://rpgforum.cz/forum/viewtopic.php?p=663893#p663893
17382,[HRA] Hledání společné cesty,663895,Myrick Lysbærer,2023-02-13T17:02:25+00:00,topics/17382.md,https://rpgforum.cz/forum/viewtopic.php?p=663895#p663895
17382,[HRA] Hledání společné cesty,664021,Myrick Lysbærer,2023-02-14T22:47:11+00:00,topics/17382.md,https://rpgforum.cz/forum/viewtopic.php?p=664021#p664021
17382,[HRA] Hledání společné cesty,664047,Bjorn Olafsson,2023-02-15T13:19:34+00:00,topics/17382.md,https://rpgforum.cz/forum/viewtopic.php?p=664047#p664047
17382,[HRA] Hledání společné cesty,664227,Tristan Baldurson,2023-02-16T21:40:33+00:00,topics/17382.md,https://rpgforum.cz/forum/viewtopic.php?p=664227#p664227
17382,[HRA] Hledání společné cesty,664302,Myrick Lysbærer,2023-02-17T14:58:13+00:00,topics/17382.md,https://rpgforum.cz/forum/viewtopic.php?p=664302#p664302
17382,[HRA] Hledání společné cesty,664311,Bjorn Olafsson,2023-02-17T19:09:07+00:00,topics/17382.md,https://rpgforum.cz/forum/viewtopic.php?p=664311#p664311
17382,[HRA] Hledání společné cesty,664320,Tristan Baldurson,2023-02-17T22:47:03+00:00,topics/17382.md,https://rpgforum.cz/forum/viewtopic.php?p=664320#p664320
17382,[HRA] Hledání společné cesty,664323,Myrick Lysbærer,2023-02-17T23:16:23+00:00,topics/17382.md,https://rpgforum.cz/forum/viewtopic.php?p=664323#p664323
17382,[HRA] Hledání společné cesty,664370,Myrick Lysbærer,2023-02-18T23:52:09+00:00,topics/17382.md,https://rpgforum.cz/forum/viewtopic.php?p=664370#p664370
17382,[HRA] Hledání společné cesty,664437,Myrick Lysbærer,2023-02-19T22:22:51+00:00,topics/17382.md,https://rpgforum.cz/forum/viewtopic.php?p=664437#p664437
17382,[HRA] Hledání společné cesty,664485,Bjorn Olafsson,2023-02-20T14:24:57+00:00,topics/17382.md,https://rpgforum.cz/forum/viewtopic.php?p=664485#p664485
17382,[HRA] Hledání společné cesty,664503,Tristan Baldurson,2023-02-20T22:17:50+00:00,topics/17382.md,https://rpgforum.cz/forum/viewtopic.php?p=664503#p664503
17382,[HRA] Hledání společné cesty,664514,MarkyParky,2023-02-20T23:28:39+00:00,topics/17382.md,https://rpgforum.cz/forum/viewtopic.php?p=664514#p664514
17382,[HRA] Hledání společné cesty,664557,Bjorn Olafsson,2023-02-21T14:26:59+00:00,topics/17382.md,https://rpgforum.cz/forum/viewtopic.php?p=664557#p664557
17382,[HRA] Hledání společné cesty,664587,Tristan Baldurson,2023-02-22T01:26:37+00:00,topics/17382.md,https://rpgforum.cz/forum/viewtopic.php?p=664587#p664587
17382,[HRA] Hledání společné cesty,664665,Myrick Lysbærer,2023-02-22T22:29:05+00:00,topics/17382.md,https://rpgforum.cz/forum/viewtopic.php?p=664665#p664665
17382,[HRA] Hledání společné cesty,664736,Tristan Baldurson,2023-02-24T03:31:42+00:00,topics/17382.md,https://rpgforum.cz/forum/viewtopic.php?p=664736#p664736
17382,[HRA] Hledání společné cesty,664741,Myrick Lysbærer,2023-02-24T08:56:52+00:00,topics/17382.md,https://rpgforum.cz/forum/viewtopic.php?p=664741#p664741
17382,[HRA] Hledání společné cesty,664772,Myrick Lysbærer,2023-02-24T13:27:43+00:00,topics/17382.md,https://rpgforum.cz/forum/viewtopic.php?p=664772#p664772
17382,[HRA] Hledání společné cesty,664884,Myrick Lysbærer,2023-02-25T22:08:17+00:00,topics/17382.md,https://rpgforum.cz/forum/viewtopic.php?p=664884#p664884
17382,[HRA] Hledání společné cesty,664892,Myrick Lysbærer,2023-02-26T10:45:25+00:00,topics/17382.md,https://rpgforum.cz/forum/viewtopic.php?p=664892#p664892
17382,[HRA] Hledání společné cesty,666929,Tristan Baldurson,2023-03-18T22:30:39+00:00,topics/17382.md,https://rpgforum.cz/forum/viewtopic.php?p=666929#p666929
17382,[HRA] Hledání společné cesty,666968,Myrick Lysbærer,2023-03-19T20:54:57+00:00,topics/17382.md,https://rpgforum.cz/forum/viewtopic.php?p=666968#p666968
17382,[HRA] Hledání společné cesty,667007,Tristan Baldurson,2023-03-20T10:26:41+00:00,topics/17382.md,https://rpgforum.cz/forum/viewtopic.php?p=667007#p667007
17382,[HRA] Hledání společné cesty,667011,Myrick Lysbærer,2023-03-20T10:49:58+00:00,topics/17382.md,https://rpgforum.cz/forum/viewtopic.php?p=667011#p667011
17382,[HRA] Hledání společné cesty,667043,Tristan Baldurson,2023-03-20T13:18:16+00:00,topics/17382.md,https://rpgforum.cz/forum/viewtopic.php?p=667043#p667043
17382,[HRA] Hledání společné cesty,667051,Myrick Lysbærer,2023-03-20T14:51:21+00:00,topics/17382.md,https://rpgforum.cz/forum/viewtopic.php?p=667051#p667051
17382,[HRA] Hledání společné cesty,667093,Tristan Baldurson,2023-03-20T23:21:29+00:00,topics/17382.md,https://rpgforum.cz/forum/viewtopic.php?p=667093#p667093
17382,[HRA] Hledání společné cesty,667203,Tristan Baldurson,2023-03-21T22:54:08+00:00,topics/17382.md,https://rpgforum.cz/forum/viewtopic.php?p=667203#p667203
17382,[HRA] Hledání společné cesty,667264,Tristan Baldurson,2023-03-22T14:47:43+00:00,topics/17382.md,https://rpgforum.cz/forum/viewtopic.php?p=667264#p667264
17382,[HRA] Hledání společné cesty,667324,Orákulum,2023-03-23T14:02:26+00:00,topics/17382.md,https://rpgforum.cz/forum/viewtopic.php?p=667324#p667324
17382,[HRA] Hledání společné cesty,667331,Myrick Lysbærer,2023-03-23T14:34:11+00:00,topics/17382.md,https://rpgforum.cz/forum/viewtopic.php?p=667331#p667331
17382,[HRA] Hledání společné cesty,667351,Myrick Lysbærer,2023-03-23T19:30:37+00:00,topics/17382.md,https://rpgforum.cz/forum/viewtopic.php?p=667351#p667351
17382,[HRA] Hledání společné cesty,667470,Tristan Baldurson,2023-03-24T22:33:31+00:00,topics/17382.md,https://rpgforum.cz/forum/viewtopic.php?p=667470#p667470
17382,[HRA] Hledání společné cesty,667472,Myrick Lysbærer,2023-03-24T23:27:02+00:00,topics/17382.md,https://rpgforum.cz/forum/viewtopic.php?p=667472#p667472
17382,[HRA] Hledání společné cesty,667484,Tristan Baldurson,2023-03-25T10:44:12+00:00,topics/17382.md,https://rpgforum.cz/forum/viewtopic.php?p=667484#p667484
17382,[HRA] Hledání společné cesty,667554,Tristan Baldurson,2023-03-26T13:23:40+00:00,topics/17382.md,https://rpgforum.cz/forum/viewtopic.php?p=667554#p667554
17382,[HRA] Hledání společné cesty,667572,Myrick Lysbærer,2023-03-26T16:33:06+00:00,topics/17382.md,https://rpgforum.cz/forum/viewtopic.php?p=667572#p667572
17382,[HRA] Hledání společné cesty,667637,Tristan Baldurson,2023-03-27T12:02:30+00:00,topics/17382.md,https://rpgforum.cz/forum/viewtopic.php?p=667637#p667637
17382,[HRA] Hledání společné cesty,667669,Myrick Lysbærer,2023-03-27T15:36:42+00:00,topics/17382.md,https://rpgforum.cz/forum/viewtopic.php?p=667669#p667669
17382,[HRA] Hledání společné cesty,667702,Tristan Baldurson,2023-03-27T21:42:20+00:00,topics/17382.md,https://rpgforum.cz/forum/viewtopic.php?p=667702#p667702
17382,[HRA] Hledání společné cesty,667789,Myrick Lysbærer,2023-03-28T13:50:27+00:00,topics/17382.md,https://rpgforum.cz/forum/viewtopic.php?p=667789#p667789
17382,[HRA] Hledání společné cesty,667842,Myrick Lysbærer,2023-03-29T05:14:25+00:00,topics/17382.md,https://rpgforum.cz/forum/viewtopic.php?p=667842#p667842
17382,[HRA] Hledání společné cesty,667890,Myrick Lysbærer,2023-03-29T12:05:10+00:00,topics/17382.md,https://rpgforum.cz/forum/viewtopic.php?p=667890#p667890
17382,[HRA] Hledání společné cesty,667960,Tristan Baldurson,2023-03-29T21:26:14+00:00,topics/17382.md,https://rpgforum.cz/forum/viewtopic.php?p=667960#p667960
17382,[HRA] Hledání společné cesty,668203,Myrick Lysbærer,2023-03-31T14:07:16+00:00,topics/17382.md,https://rpgforum.cz/forum/viewtopic.php?p=668203#p668203
17382,[HRA] Hledání společné cesty,668489,Tristan Baldurson,2023-04-03T20:57:43+00:00,topics/17382.md,https://rpgforum.cz/forum/viewtopic.php?p=668489#p668489
17382,[HRA] Hledání společné cesty,668626,Myrick Lysbærer,2023-04-05T20:43:08+00:00,topics/17382.md,https://rpgforum.cz/forum/viewtopic.php?p=668626#p668626
17382,[HRA] Hledání společné cesty,668777,Tristan Baldurson,2023-04-06T18:28:05+00:00,topics/17382.md,https://rpgforum.cz/forum/viewtopic.php?p=668777#p668777
17382,[HRA] Hledání společné cesty,668792,Myrick Lysbærer,2023-04-07T00:03:18+00:00,topics/17382.md,https://rpgforum.cz/forum/viewtopic.php?p=668792#p668792
17382,[HRA] Hledání společné cesty,668797,Tristan Baldurson,2023-04-07T07:49:16+00:00,topics/17382.md,https://rpgforum.cz/forum/viewtopic.php?p=668797#p668797
17382,[HRA] Hledání společné cesty,668891,Myrick Lysbærer,2023-04-08T19:08:21+00:00,topics/17382.md,https://rpgforum.cz/forum/viewtopic.php?p=668891#p668891
17382,[HRA] Hledání společné cesty,669043,Myrick Lysbærer,2023-04-10T20:02:49+00:00,topics/17382.md,https://rpgforum.cz/forum/viewtopic.php?p=669043#p669043
17382,[HRA] Hledání společné cesty,669046,Tristan Baldurson,2023-04-10T21:32:26+00:00,topics/17382.md,https://rpgforum.cz/forum/viewtopic.php?p=669046#p669046
17382,[HRA] Hledání společné cesty,669232,Myrick Lysbærer,2023-04-12T20:15:25+00:00,topics/17382.md,https://rpgforum.cz/forum/viewtopic.php?p=669232#p669232
17382,[HRA] Hledání společné cesty,669246,Tristan Baldurson,2023-04-12T21:25:33+00:00,topics/17382.md,https://rpgforum.cz/forum/viewtopic.php?p=669246#p669246
17382,[HRA] Hledání společné cesty,669303,Myrick Lysbærer,2023-04-13T16:12:16+00:00,topics/17382.md,https://rpgforum.cz/forum/viewtopic.php?p=669303#p669303
17382,[HRA] Hledání společné cesty,669330,Tristan Baldurson,2023-04-13T21:35:02+00:00,topics/17382.md,https://rpgforum.cz/forum/viewtopic.php?p=669330#p669330
17382,[HRA] Hledání společné cesty,669405,Myrick Lysbærer,2023-04-14T13:10:59+00:00,topics/17382.md,https://rpgforum.cz/forum/viewtopic.php?p=669405#p669405
17382,[HRA] Hledání společné cesty,669410,Myrick Lysbærer,2023-04-14T13:24:30+00:00,topics/17382.md,https://rpgforum.cz/forum/viewtopic.php?p=669410#p669410
17382,[HRA] Hledání společné cesty,669426,Tristan Baldurson,2023-04-14T15:32:40+00:00,topics/17382.md,https://rpgforum.cz/forum/viewtopic.php?p=669426#p669426
17382,[HRA] Hledání společné cesty,669524,Myrick Lysbærer,2023-04-15T21:48:21+00:00,topics/17382.md,https://rpgforum.cz/forum/viewtopic.php?p=669524#p669524
17382,[HRA] Hledání společné cesty,670040,Myrick Lysbærer,2023-04-21T07:00:41+00:00,topics/17382.md,https://rpgforum.cz/forum/viewtopic.php?p=670040#p670040
17406,[POSTAVA] Bjorn Olafsson,660420,Bjorn Olafsson,2023-01-05T12:08:13+00:00,topics/17406.md,https://rpgforum.cz/forum/viewtopic.php?p=660420#p660420
17406,[POSTAVA] Bjorn Olafsson,660425,Bjorn Olafsson,2023-01-05T12:52:35+00:00,topics/17406.md,https://rpgforum.cz/forum/viewtopic.php?p=660425#p660425
17406,[POSTAVA] Bjorn Olafsson,660426,Bjorn Olafsson,2023-01-05T12:55:17+00:00,topics/17406.md,https://rpgforum.cz/forum/viewtopic.php?p=660426#p660426
17406,[POSTAVA] Bjorn Olafsson,660432,Bjorn Olafsson,2023-01-05T13:57:12+00:00,topics/17406.md,https://rpgforum.cz/forum/viewtopic.php?p=660432#p660432
17406,[POSTAVA] Bjorn Olafsson,660536,Bjorn Olafsson,2023-01-06T13:09:40+00:00,topics/17406.md,https://rpgforum.cz/forum/viewtopic.php?p=660536#p660536
17406,[POSTAVA] Bjorn Olafsson,660685,Bjorn Olafsson,2023-01-09T10:26:49+00:00,topics/17406.md,https://rpgforum.cz/forum/viewtopic.php?p=660685#p660685
17406,[POSTAVA] Bjorn Olafsson,679950,Bjorn Olafsson,2023-09-07T11:36:39+00:00,topics/17406.md,https://rpgforum.cz/forum/viewtopic.php?p=679950#p679950
17457,[LOKACE a NPC] Hlubočina,664214,Orákulum,2023-02-16T20:24:46+00:00,topics/17457.md,https://rpgforum.cz/forum/viewtopic.php?p=664214#p664214
17457,[LOKACE a NPC] Hlubočina,664215,Orákulum,2023-02-16T20:26:55+00:00,topics/17457.md,https://rpgforum.cz/forum/viewtopic.php?p=664215#p664215
17457,[LOKACE a NPC] Hlubočina,664216,Orákulum,2023-02-16T20:31:03+00:00,topics/17457.md,https://rpgforum.cz/forum/viewtopic.php?p=664216#p664216
17457,[LOKACE a NPC] Hlubočina,664217,Orákulum,2023-02-16T20:34:37+00:00,topics/17457.md,https://rpgforum.cz/forum/viewtopic.php?p=664217#p664217
17457,[LOKACE a NPC] Hlubočina,664218,Orákulum,2023-02-16T20:35:42+00:00,topics/17457.md,https://rpgforum.cz/forum/viewtopic.php?p=664218#p664218
17457,[LOKACE a NPC] Hlubočina,685973,Orákulum,2023-12-28T20:30:02+00:00,topics/17457.md,https://rpgforum.cz/forum/viewtopic.php?p=685973#p685973
17457,[LOKACE a NPC] Hlubočina,690293,Orákulum,2024-03-04T10:09:58+00:00,topics/17457.md,https://rpgforum.cz/forum/viewtopic.php?p=690293#p690293
17457,[LOKACE a NPC] Hlubočina,690295,Orákulum,2024-03-04T10:25:46+00:00,topics/17457.md,https://rpgforum.cz/forum/viewtopic.php?p=690295#p690295
17460,"[HRA] Bjorn, vlk samotář",664595,Bjorn Olafsson,2023-02-22T07:26:07+00:00,topics/17460.md,https://rpgforum.cz/forum/viewtopic.php?p=664595#p664595
17460,"[HRA] Bjorn, vlk samotář",664612,Bjorn Olafsson,2023-02-22T10:45:02+00:00,topics/17460.md,https://rpgforum.cz/forum/viewtopic.php?p=664612#p664612
17460,"[HRA] Bjorn, vlk samotář",664624,Bjorn Olafsson,2023-02-22T12:27:48+00:00,topics/17460.md,https://rpgforum.cz/forum/viewtopic.php?p=664624#p664624
17460,"[HRA] Bjorn, vlk samotář",664654,Bjorn Olafsson,2023-02-22T20:22:18+00:00,topics/17460.md,https://rpgforum.cz/forum/viewtopic.php?p=664654#p664654
17460,"[HRA] Bjorn, vlk samotář",664693,Bjorn Olafsson,2023-02-23T09:47:56+00:00,topics/17460.md,https://rpgforum.cz/forum/viewtopic.php?p=664693#p664693
17460,"[HRA] Bjorn, vlk samotář",664740,Bjorn Olafsson,2023-02-24T08:55:14+00:00,topics/17460.md,https://rpgforum.cz/forum/viewtopic.php?p=664740#p664740
17460,"[HRA] Bjorn, vlk samotář",664811,Bjorn Olafsson,2023-02-24T20:37:15+00:00,topics/17460.md,https://rpgforum.cz/forum/viewtopic.php?p=664811#p664811
17460,"[HRA] Bjorn, vlk samotář",664866,Bjorn Olafsson,2023-02-25T17:35:54+00:00,topics/17460.md,https://rpgforum.cz/forum/viewtopic.php?p=664866#p664866
17460,"[HRA] Bjorn, vlk samotář",664873,Bjorn Olafsson,2023-02-25T20:10:43+00:00,topics/17460.md,https://rpgforum.cz/forum/viewtopic.php?p=664873#p664873
17460,"[HRA] Bjorn, vlk samotář",664886,Bjorn Olafsson,2023-02-25T22:52:03+00:00,topics/17460.md,https://rpgforum.cz/forum/viewtopic.php?p=664886#p664886
17460,"[HRA] Bjorn, vlk samotář",664939,Bjorn Olafsson,2023-02-26T21:33:21+00:00,topics/17460.md,https://rpgforum.cz/forum/viewtopic.php?p=664939#p664939
17460,"[HRA] Bjorn, vlk samotář",665952,Bjorn Olafsson,2023-03-08T13:13:27+00:00,topics/17460.md,https://rpgforum.cz/forum/viewtopic.php?p=665952#p665952
17460,"[HRA] Bjorn, vlk samotář",666920,Bjorn Olafsson,2023-03-18T20:19:15+00:00,topics/17460.md,https://rpgforum.cz/forum/viewtopic.php?p=666920#p666920
17460,"[HRA] Bjorn, vlk samotář",666928,Bjorn Olafsson,2023-03-18T21:42:32+00:00,topics/17460.md,https://rpgforum.cz/forum/viewtopic.php?p=666928#p666928
17460,"[HRA] Bjorn, vlk samotář",666931,Bjorn Olafsson,2023-03-18T22:52:49+00:00,topics/17460.md,https://rpgforum.cz/forum/viewtopic.php?p=666931#p666931
17460,"[HRA] Bjorn, vlk samotář",668730,Bjorn Olafsson,2023-04-06T12:46:29+00:00,topics/17460.md,https://rpgforum.cz/forum/viewtopic.php?p=668730#p668730
17460,"[HRA] Bjorn, vlk samotář",669454,Bjorn Olafsson,2023-04-14T21:48:11+00:00,topics/17460.md,https://rpgforum.cz/forum/viewtopic.php?p=669454#p669454
17460,"[HRA] Bjorn, vlk samotář",670240,Bjorn Olafsson,2023-04-25T21:04:38+00:00,topics/17460.md,https://rpgforum.cz/forum/viewtopic.php?p=670240#p670240
17460,"[HRA] Bjorn, vlk samotář",670275,Myrick Lysbærer,2023-04-26T10:08:53+00:00,topics/17460.md,https://rpgforum.cz/forum/viewtopic.php?p=670275#p670275
17460,"[HRA] Bjorn, vlk samotář",670285,Bjorn Olafsson,2023-04-26T13:53:01+00:00,topics/17460.md,https://rpgforum.cz/forum/viewtopic.php?p=670285#p670285
17460,"[HRA] Bjorn, vlk samotář",675823,Bjorn Olafsson,2023-07-04T22:40:39+00:00,topics/17460.md,https://rpgforum.cz/forum/viewtopic.php?p=675823#p675823
17460,"[HRA] Bjorn, vlk samotář",675824,Bjorn Olafsson,2023-07-04T22:40:49+00:00,topics/17460.md,https://rpgforum.cz/forum/viewtopic.php?p=675824#p675824
17460,"[HRA] Bjorn, vlk samotář",675825,Bjorn Olafsson,2023-07-05T00:11:51+00:00,topics/17460.md,https://rpgforum.cz/forum/viewtopic.php?p=675825#p675825
17460,"[HRA] Bjorn, vlk samotář",675828,Bjorn Olafsson,2023-07-05T07:50:56+00:00,topics/17460.md,https://rpgforum.cz/forum/viewtopic.php?p=675828#p675828
17460,"[HRA] Bjorn, vlk samotář",675861,Bjorn Olafsson,2023-07-05T20:31:27+00:00,topics/17460.md,https://rpgforum.cz/forum/viewtopic.php?p=675861#p675861
17460,"[HRA] Bjorn, vlk samotář",675863,Bjorn Olafsson,2023-07-05T20:45:44+00:00,topics/17460.md,https://rpgforum.cz/forum/viewtopic.php?p=675863#p675863
17460,"[HRA] Bjorn, vlk samotář",676284,Orákulum,2023-07-14T16:45:47+00:00,topics/17460.md,https://rpgforum.cz/forum/viewtopic.php?p=676284#p676284
17460,"[HRA] Bjorn, vlk samotář",676301,Bjorn Olafsson,2023-07-14T21:13:47+00:00,topics/17460.md,https://rpgforum.cz/forum/viewtopic.php?p=676301#p676301
17460,"[HRA] Bjorn, vlk samotář",676396,Bjorn Olafsson,2023-07-17T12:59:26+00:00,topics/17460.md,https://rpgforum.cz/forum/viewtopic.php?p=676396#p676396
17460,"[HRA] Bjorn, vlk samotář",677689,Bjorn Olafsson,2023-08-07T13:46:31+00:00,topics/17460.md,https://rpgforum.cz/forum/viewtopic.php?p=677689#p677689
17460,"[HRA] Bjorn, vlk samotář",677690,Bjorn Olafsson,2023-08-07T13:46:52+00:00,topics/17460.md,https://rpgforum.cz/forum/viewtopic.php?p=677690#p677690
17460,"[HRA] Bjorn, vlk samotář",677745,Bjorn Olafsson,2023-08-07T21:31:44+00:00,topics/17460.md,https://rpgforum.cz/forum/viewtopic.php?p=677745#p677745
17460,"[HRA] Bjorn, vlk samotář",677751,Bjorn Olafsson,2023-08-07T23:01:01+00:00,topics/17460.md,https://rpgforum.cz/forum/viewtopic.php?p=677751#p677751
17460,"[HRA] Bjorn, vlk samotář",678129,Bjorn Olafsson,2023-08-11T15:20:50+00:00,topics/17460.md,https://rpgforum.cz/forum/viewtopic.php?p=678129#p678129
17460,"[HRA] Bjorn, vlk samotář",678130,Bjorn Olafsson,2023-08-11T15:20:57+00:00,topics/17460.md,https://rpgforum.cz/forum/viewtopic.php?p=678130#p678130
17460,"[HRA] Bjorn, vlk samotář",680834,Bjorn Olafsson,2023-09-19T17:28:08+00:00,topics/17460.md,https://rpgforum.cz/forum/viewtopic.php?p=680834#p680834
17460,"[HRA] Bjorn, vlk samotář",680835,Bjorn Olafsson,2023-09-19T17:28:25+00:00,topics/17460.md,https://rpgforum.cz/forum/viewtopic.php?p=680835#p680835
17460,"[HRA] Bjorn, vlk samotář",680841,Bjorn Olafsson,2023-09-19T18:34:28+00:00,topics/17460.md,https://rpgforum.cz/forum/viewtopic.php?p=680841#p680841
17460,"[HRA] Bjorn, vlk samotář",680842,Bjorn Olafsson,2023-09-19T18:38:07+00:00,topics/17460.md,https://rpgforum.cz/forum/viewtopic.php?p=680842#p680842
17460,"[HRA] Bjorn, vlk samotář",680846,Orákulum,2023-09-19T19:39:37+00:00,topics/17460.md,https://rpgforum.cz/forum/viewtopic.php?p=680846#p680846
17460,"[HRA] Bjorn, vlk samotář",680862,Bjorn Olafsson,2023-09-20T07:58:45+00:00,topics/17460.md,https://rpgforum.cz/forum/viewtopic.php?p=680862#p680862
17460,"[HRA] Bjorn, vlk samotář",680880,Bjorn Olafsson,2023-09-20T14:21:36+00:00,topics/17460.md,https://rpgforum.cz/forum/viewtopic.php?p=680880#p680880
17460,"[HRA] Bjorn, vlk samotář",680899,Bjorn Olafsson,2023-09-20T17:04:49+00:00,topics/17460.md,https://rpgforum.cz/forum/viewtopic.php?p=680899#p680899
17460,"[HRA] Bjorn, vlk samotář",680902,Bjorn Olafsson,2023-09-20T17:30:00+00:00,topics/17460.md,https://rpgforum.cz/forum/viewtopic.php?p=680902#p680902
17460,"[HRA] Bjorn, vlk samotář",680937,Orákulum,2023-09-21T08:37:43+00:00,topics/17460.md,https://rpgforum.cz/forum/viewtopic.php?p=680937#p680937
17460,"[HRA] Bjorn, vlk samotář",681096,Bjorn Olafsson,2023-09-23T19:28:16+00:00,topics/17460.md,https://rpgforum.cz/forum/viewtopic.php?p=681096#p681096
17460,"[HRA] Bjorn, vlk samotář",681102,Bjorn Olafsson,2023-09-23T21:29:14+00:00,topics/17460.md,https://rpgforum.cz/forum/viewtopic.php?p=681102#p681102
17460,"[HRA] Bjorn, vlk samotář",681103,Bjorn Olafsson,2023-09-23T23:57:32+00:00,topics/17460.md,https://rpgforum.cz/forum/viewtopic.php?p=681103#p681103
17460,"[HRA] Bjorn, vlk samotář",681199,Bjorn Olafsson,2023-09-26T21:01:49+00:00,topics/17460.md,https://rpgforum.cz/forum/viewtopic.php?p=681199#p681199
17460,"[HRA] Bjorn, vlk samotář",681201,Bjorn Olafsson,2023-09-26T21:43:49+00:00,topics/17460.md,https://rpgforum.cz/forum/viewtopic.php?p=681201#p681201
17460,"[HRA] Bjorn, vlk samotář",681212,Bjorn Olafsson,2023-09-27T09:20:13+00:00,topics/17460.md,https://rpgforum.cz/forum/viewtopic.php?p=681212#p681212
17460,"[HRA] Bjorn, vlk samotář",681217,Bjorn Olafsson,2023-09-27T11:50:44+00:00,topics/17460.md,https://rpgforum.cz/forum/viewtopic.php?p=681217#p681217
17460,"[HRA] Bjorn, vlk samotář",689542,Bjorn Olafsson,2024-02-22T12:32:21+00:00,topics/17460.md,https://rpgforum.cz/forum/viewtopic.php?p=689542#p689542
17460,"[HRA] Bjorn, vlk samotář",689543,Bjorn Olafsson,2024-02-22T12:32:45+00:00,topics/17460.md,https://rpgforum.cz/forum/viewtopic.php?p=689543#p689543
17460,"[HRA] Bjorn, vlk samotář",689967,Bjorn Olafsson,2024-02-28T17:46:20+00:00,topics/17460.md,https://rpgforum.cz/forum/viewtopic.php?p=689967#p689967
17460,"[HRA] Bjorn, vlk samotář",689972,Bjorn Olafsson,2024-02-28T20:56:37+00:00,topics/17460.md,https://rpgforum.cz/forum/viewtopic.php?p=689972#p689972
17460,"[HRA] Bjorn, vlk samotář",689973,Bjorn Olafsson,2024-02-28T21:11:29+00:00,topics/17460.md,https://rpgforum.cz/forum/viewtopic.php?p=689973#p689973
17460,"[HRA] Bjorn, vlk samotář",689979,Bjorn Olafsson,2024-02-28T22:15:21+00:00,topics/17460.md,https://rpgforum.cz/forum/viewtopic.php?p=689979#p689979
17460,"[HRA] Bjorn, vlk samotář",690022,Bjorn Olafsson,2024-02-29T12:01:40+00:00,topics/17460.md,https://rpgforum.cz/forum/viewtopic.php?p=690022#p690022
17460,"[HRA] Bjorn, vlk samotář",690031,Bjorn Olafsson,2024-02-29T12:46:35+00:00,topics/17460.md,https://rpgforum.cz/forum/viewtopic.php?p=690031#p690031
17460,"[HRA] Bjorn, vlk samotář",690097,Bjorn Olafsson,2024-03-01T00:11:49+00:00,topics/17460.md,https://rpgforum.cz/forum/viewtopic.php?p=690097#p690097
17460,"[HRA] Bjorn, vlk samotář",690150,Bjorn Olafsson,2024-03-01T21:40:57+00:00,topics/17460.md,https://rpgforum.cz/forum/viewtopic.php?p=690150#p690150
17460,"[HRA] Bjorn, vlk samotář",690158,Bjorn Olafsson,2024-03-01T22:29:25+00:00,topics/17460.md,https://rpgforum.cz/forum/viewtopic.php?p=690158#p690158
17460,"[HRA] Bjorn, vlk samotář",690160,Bjorn Olafsson,2024-03-01T22:54:26+00:00,topics/17460.md,https://rpgforum.cz/forum/viewtopic.php?p=690160#p690160
17460,"[HRA] Bjorn, vlk samotář",690209,Bjorn Olafsson,2024-03-02T20:28:37+00:00,topics/17460.md,https://rpgforum.cz/forum/viewtopic.php?p=690209#p690209
17460,"[HRA] Bjorn, vlk samotář",690211,Bjorn Olafsson,2024-03-02T21:10:27+00:00,topics/17460.md,https://rpgforum.cz/forum/viewtopic.php?p=690211#p690211
17460,"[HRA] Bjorn, vlk samotář",690291,Bjorn Olafsson,2024-03-04T10:01:43+00:00,topics/17460.md,https://rpgforum.cz/forum/viewtopic.php?p=690291#p690291
17460,"[HRA] Bjorn, vlk samotář",690354,Bjorn Olafsson,2024-03-05T10:49:39+00:00,topics/17460.md,https://rpgforum.cz/forum/viewtopic.php?p=690354#p690354
17460,"[HRA] Bjorn, vlk samotář",690383,Bjorn Olafsson,2024-03-05T19:07:38+00:00,topics/17460.md,https://rpgforum.cz/forum/viewtopic.php?p=690383#p690383
17460,"[HRA] Bjorn, vlk samotář",690447,Bjorn Olafsson,2024-03-06T11:59:23+00:00,topics/17460.md,https://rpgforum.cz/forum/viewtopic.php?p=690447#p690447
17460,"[HRA] Bjorn, vlk samotář",690486,Bjorn Olafsson,2024-03-06T22:00:41+00:00,topics/17460.md,https://rpgforum.cz/forum/viewtopic.php?p=690486#p690486
17460,"[HRA] Bjorn, vlk samotář",690538,Bjorn Olafsson,2024-03-08T14:13:37+00:00,topics/17460.md,https://rpgforum.cz/forum/viewtopic.php?p=690538#p690538
17460,"[HRA] Bjorn, vlk samotář",690540,Bjorn Olafsson,2024-03-08T14:24:39+00:00,topics/17460.md,https://rpgforum.cz/forum/viewtopic.php?p=690540#p690540
17460,"[HRA] Bjorn, vlk samotář",690546,Orákulum,2024-03-08T20:23:27+00:00,topics/17460.md,https://rpgforum.cz/forum/viewtopic.php?p=690546#p690546
17460,"[HRA] Bjorn, vlk samotář",690553,Bjorn Olafsson,2024-03-08T21:26:42+00:00,topics/17460.md,https://rpgforum.cz/forum/viewtopic.php?p=690553#p690553
17460,"[HRA] Bjorn, vlk samotář",690557,Bjorn Olafsson,2024-03-08T21:57:17+00:00,topics/17460.md,https://rpgforum.cz/forum/viewtopic.php?p=690557#p690557
17460,"[HRA] Bjorn, vlk samotář",690560,Bjorn Olafsson,2024-03-08T22:16:01+00:00,topics/17460.md,https://rpgforum.cz/forum/viewtopic.php?p=690560#p690560
17460,"[HRA] Bjorn, vlk samotář",690573,Bjorn Olafsson,2024-03-09T11:01:13+00:00,topics/17460.md,https://rpgforum.cz/forum/viewtopic.php?p=690573#p690573
17460,"[HRA] Bjorn, vlk samotář",690575,Bjorn Olafsson,2024-03-09T11:15:13+00:00,topics/17460.md,https://rpgforum.cz/forum/viewtopic.php?p=690575#p690575
17460,"[HRA] Bjorn, vlk samotář",690626,Bjorn Olafsson,2024-03-10T14:35:20+00:00,topics/17460.md,https://rpgforum.cz/forum/viewtopic.php?p=690626#p690626
17460,"[HRA] Bjorn, vlk samotář",690676,Bjorn Olafsson,2024-03-10T22:55:58+00:00,topics/17460.md,https://rpgforum.cz/forum/viewtopic.php?p=690676#p690676
17460,"[HRA] Bjorn, vlk samotář",690678,Bjorn Olafsson,2024-03-10T23:20:55+00:00,topics/17460.md,https://rpgforum.cz/forum/viewtopic.php?p=690678#p690678
17460,"[HRA] Bjorn, vlk samotář",690679,Bjorn Olafsson,2024-03-10T23:48:47+00:00,topics/17460.md,https://rpgforum.cz/forum/viewtopic.php?p=690679#p690679
17460,"[HRA] Bjorn, vlk samotář",690680,Bjorn Olafsson,2024-03-11T00:46:37+00:00,topics/17460.md,https://rpgforum.cz/forum/viewtopic.php?p=690680#p690680
17460,"[HRA] Bjorn, vlk samotář",690696,Bjorn Olafsson,2024-03-11T10:24:13+00:00,topics/17460.md,https://rpgforum.cz/forum/viewtopic.php?p=690696#p690696
17460,"[HRA] Bjorn, vlk samotář",690833,Bjorn Olafsson,2024-03-12T21:18:03+00:00,topics/17460.md,https://rpgforum.cz/forum/viewtopic.php?p=690833#p690833
17460,"[HRA] Bjorn, vlk samotář",690842,Bjorn Olafsson,2024-03-13T09:49:30+00:00,topics/17460.md,https://rpgforum.cz/forum/viewtopic.php?p=690842#p690842
17460,"[HRA] Bjorn, vlk samotář",690849,Bjorn Olafsson,2024-03-13T12:55:57+00:00,topics/17460.md,https://rpgforum.cz/forum/viewtopic.php?p=690849#p690849
17460,"[HRA] Bjorn, vlk samotář",690860,Bjorn Olafsson,2024-03-13T16:20:27+00:00,topics/17460.md,https://rpgforum.cz/forum/viewtopic.php?p=690860#p690860
17460,"[HRA] Bjorn, vlk samotář",690979,Bjorn Olafsson,2024-03-15T16:55:13+00:00,topics/17460.md,https://rpgforum.cz/forum/viewtopic.php?p=690979#p690979
17460,"[HRA] Bjorn, vlk samotář",690989,Bjorn Olafsson,2024-03-15T21:52:09+00:00,topics/17460.md,https://rpgforum.cz/forum/viewtopic.php?p=690989#p690989
17460,"[HRA] Bjorn, vlk samotář",693103,Bjorn Olafsson,2024-04-18T15:07:54+00:00,topics/17460.md,https://rpgforum.cz/forum/viewtopic.php?p=693103#p693103
17460,"[HRA] Bjorn, vlk samotář",697790,Bjorn Olafsson,2024-07-22T22:43:36+00:00,topics/17460.md,https://rpgforum.cz/forum/viewtopic.php?p=697790#p697790
17460,"[HRA] Bjorn, vlk samotář",697797,Orákulum,2024-07-23T08:06:44+00:00,topics/17460.md,https://rpgforum.cz/forum/viewtopic.php?p=697797#p697797
17460,"[HRA] Bjorn, vlk samotář",697810,Bjorn Olafsson,2024-07-23T19:25:50+00:00,topics/17460.md,https://rpgforum.cz/forum/viewtopic.php?p=697810#p697810
17460,"[HRA] Bjorn, vlk samotář",698130,Bjorn Olafsson,2024-08-07T12:07:53+00:00,topics/17460.md,https://rpgforum.cz/forum/viewtopic.php?p=698130#p698130
17460,"[HRA] Bjorn, vlk samotář",698353,Orákulum,2024-08-17T08:08:13+00:00,topics/17460.md,https://rpgforum.cz/forum/viewtopic.php?p=698353#p698353
17460,"[HRA] Bjorn, vlk samotář",698596,Bjorn Olafsson,2024-08-23T22:19:21+00:00,topics/17460.md,https://rpgforum.cz/forum/viewtopic.php?p=698596#p698596
17460,"[HRA] Bjorn, vlk samotář",698600,Bjorn Olafsson,2024-08-24T09:22:38+00:00,topics/17460.md,https://rpgforum.cz/forum/viewtopic.php?p=698600#p698600
17460,"[HRA] Bjorn, vlk samotář",698601,Bjorn Olafsson,2024-08-24T09:48:43+00:00,topics/17460.md,https://rpgforum.cz/forum/viewtopic.php?p=698601#p698601
17460,"[HRA] Bjorn, vlk samotář",698607,Bjorn Olafsson,2024-08-24T15:27:50+00:00,topics/17460.md,https://rpgforum.cz/forum/viewtopic.php?p=698607#p698607
17460,"[HRA] Bjorn, vlk samotář",698621,Orákulum,2024-08-25T15:13:42+00:00,topics/17460.md,https://rpgforum.cz/forum/viewtopic.php?p=698621#p698621
17460,"[HRA] Bjorn, vlk samotář",698628,Bjorn Olafsson,2024-08-25T21:58:19+00:00,topics/17460.md,https://rpgforum.cz/forum/viewtopic.php?p=698628#p698628
17460,"[HRA] Bjorn, vlk samotář",699401,Bjorn Olafsson,2024-09-11T13:21:33+00:00,topics/17460.md,https://rpgforum.cz/forum/viewtopic.php?p=699401#p699401
17460,"[HRA] Bjorn, vlk samotář",699403,Bjorn Olafsson,2024-09-11T14:24:21+00:00,topics/17460.md,https://rpgforum.cz/forum/viewtopic.php?p=699403#p699403
17460,"[HRA] Bjorn, vlk samotář",699460,Bjorn Olafsson,2024-09-12T14:17:11+00:00,topics/17460.md,https://rpgforum.cz/forum/viewtopic.php?p=699460#p699460
17460,"[HRA] Bjorn, vlk samotář",699483,Bjorn Olafsson,2024-09-12T20:52:12+00:00,topics/17460.md,https://rpgforum.cz/forum/viewtopic.php?p=699483#p699483
17460,"[HRA] Bjorn, vlk samotář",699968,Orákulum,2024-09-22T11:09:05+00:00,topics/17460.md,https://rpgforum.cz/forum/viewtopic.php?p=699968#p699968
17460,"[HRA] Bjorn, vlk samotář",700043,Bjorn Olafsson,2024-09-23T21:46:07+00:00,topics/17460.md,https://rpgforum.cz/forum/viewtopic.php?p=700043#p700043
17460,"[HRA] Bjorn, vlk samotář",700458,Bjorn Olafsson,2024-10-01T20:06:50+00:00,topics/17460.md,https://rpgforum.cz/forum/viewtopic.php?p=700458#p700458
17530,[HRA] Cesta měsíčním světlem,669488,Orákulum,2023-04-15T09:14:52+00:00,topics/17530.md,https://rpgforum.cz/forum/viewtopic.php?p=669488#p669488
17530,[HRA] Cesta měsíčním světlem,669493,Tristan Baldurson,2023-04-15T09:56:49+00:00,topics/17530.md,https://rpgforum.cz/forum/viewtopic.php?p=669493#p669493
17530,[HRA] Cesta měsíčním světlem,669637,Tristan Baldurson,2023-04-17T14:39:52+00:00,topics/17530.md,https://rpgforum.cz/forum/viewtopic.php?p=669637#p669637
17530,[HRA] Cesta měsíčním světlem,670048,Tristan Baldurson,2023-04-21T10:22:41+00:00,topics/17530.md,https://rpgforum.cz/forum/viewtopic.php?p=670048#p670048
17530,[HRA] Cesta měsíčním světlem,670088,Tristan Baldurson,2023-04-22T19:13:24+00:00,topics/17530.md,https://rpgforum.cz/forum/viewtopic.php?p=670088#p670088
17530,[HRA] Cesta měsíčním světlem,670169,Tristan Baldurson,2023-04-24T17:11:08+00:00,topics/17530.md,https://rpgforum.cz/forum/viewtopic.php?p=670169#p670169
17530,[HRA] Cesta měsíčním světlem,670584,Tristan Baldurson,2023-04-30T11:36:24+00:00,topics/17530.md,https://rpgforum.cz/forum/viewtopic.php?p=670584#p670584
17530,[HRA] Cesta měsíčním světlem,670944,Tristan Baldurson,2023-05-06T20:06:22+00:00,topics/17530.md,https://rpgforum.cz/forum/viewtopic.php?p=670944#p670944
17530,[HRA] Cesta měsíčním světlem,670946,Tristan Baldurson,2023-05-07T11:17:23+00:00,topics/17530.md,https://rpgforum.cz/forum/viewtopic.php?p=670946#p670946
17530,[HRA] Cesta měsíčním světlem,671175,Tristan Baldurson,2023-05-11T17:06:26+00:00,topics/17530.md,https://rpgforum.cz/forum/viewtopic.php?p=671175#p671175
17530,[HRA] Cesta měsíčním světlem,671299,Tristan Baldurson,2023-05-13T10:23:10+00:00,topics/17530.md,https://rpgforum.cz/forum/viewtopic.php?p=671299#p671299
17530,[HRA] Cesta měsíčním světlem,671325,Tristan Baldurson,2023-05-14T09:31:01+00:00,topics/17530.md,https://rpgforum.cz/forum/viewtopic.php?p=671325#p671325
17530,[HRA] Cesta měsíčním světlem,671445,Tristan Baldurson,2023-05-16T12:33:55+00:00,topics/17530.md,https://rpgforum.cz/forum/viewtopic.php?p=671445#p671445
17530,[HRA] Cesta měsíčním světlem,671497,Tristan Baldurson,2023-05-17T12:43:26+00:00,topics/17530.md,https://rpgforum.cz/forum/viewtopic.php?p=671497#p671497
17530,[HRA] Cesta měsíčním světlem,671536,Tristan Baldurson,2023-05-18T10:27:19+00:00,topics/17530.md,https://rpgforum.cz/forum/viewtopic.php?p=671536#p671536
17530,[HRA] Cesta měsíčním světlem,671991,Tristan Baldurson,2023-05-24T10:13:51+00:00,topics/17530.md,https://rpgforum.cz/forum/viewtopic.php?p=671991#p671991
17530,[HRA] Cesta měsíčním světlem,672466,Orákulum,2023-05-27T22:32:08+00:00,topics/17530.md,https://rpgforum.cz/forum/viewtopic.php?p=672466#p672466
17530,[HRA] Cesta měsíčním světlem,672490,Tristan Baldurson,2023-05-28T07:48:25+00:00,topics/17530.md,https://rpgforum.cz/forum/viewtopic.php?p=672490#p672490
17530,[HRA] Cesta měsíčním světlem,672497,Orákulum,2023-05-28T09:02:05+00:00,topics/17530.md,https://rpgforum.cz/forum/viewtopic.php?p=672497#p672497
17530,[HRA] Cesta měsíčním světlem,672545,Orákulum,2023-05-28T22:55:32+00:00,topics/17530.md,https://rpgforum.cz/forum/viewtopic.php?p=672545#p672545
17530,[HRA] Cesta měsíčním světlem,672710,Tristan Baldurson,2023-05-30T15:54:40+00:00,topics/17530.md,https://rpgforum.cz/forum/viewtopic.php?p=672710#p672710
17530,[HRA] Cesta měsíčním světlem,672904,Tristan Baldurson,2023-05-31T14:43:57+00:00,topics/17530.md,https://rpgforum.cz/forum/viewtopic.php?p=672904#p672904
17530,[HRA] Cesta měsíčním světlem,672967,Tristan Baldurson,2023-05-31T18:44:29+00:00,topics/17530.md,https://rpgforum.cz/forum/viewtopic.php?p=672967#p672967
17530,[HRA] Cesta měsíčním světlem,673277,Tristan Baldurson,2023-06-01T21:25:50+00:00,topics/17530.md,https://rpgforum.cz/forum/viewtopic.php?p=673277#p673277
17530,[HRA] Cesta měsíčním světlem,673312,Tristan Baldurson,2023-06-02T10:42:09+00:00,topics/17530.md,https://rpgforum.cz/forum/viewtopic.php?p=673312#p673312
17530,[HRA] Cesta měsíčním světlem,673514,Tristan Baldurson,2023-06-04T12:25:26+00:00,topics/17530.md,https://rpgforum.cz/forum/viewtopic.php?p=673514#p673514
17530,[HRA] Cesta měsíčním světlem,673625,Tristan Baldurson,2023-06-05T11:54:12+00:00,topics/17530.md,https://rpgforum.cz/forum/viewtopic.php?p=673625#p673625
17530,[HRA] Cesta měsíčním světlem,673752,Tristan Baldurson,2023-06-06T11:39:23+00:00,topics/17530.md,https://rpgforum.cz/forum/viewtopic.php?p=673752#p673752
17530,[HRA] Cesta měsíčním světlem,673847,Tristan Baldurson,2023-06-07T10:37:07+00:00,topics/17530.md,https://rpgforum.cz/forum/viewtopic.php?p=673847#p673847
17530,[HRA] Cesta měsíčním světlem,674091,Tristan Baldurson,2023-06-08T13:48:37+00:00,topics/17530.md,https://rpgforum.cz/forum/viewtopic.php?p=674091#p674091
17530,[HRA] Cesta měsíčním světlem,674262,Tristan Baldurson,2023-06-11T21:10:38+00:00,topics/17530.md,https://rpgforum.cz/forum/viewtopic.php?p=674262#p674262
17530,[HRA] Cesta měsíčním světlem,674297,Tristan Baldurson,2023-06-12T14:56:36+00:00,topics/17530.md,https://rpgforum.cz/forum/viewtopic.php?p=674297#p674297
17530,[HRA] Cesta měsíčním světlem,674358,Tristan Baldurson,2023-06-13T13:11:21+00:00,topics/17530.md,https://rpgforum.cz/forum/viewtopic.php?p=674358#p674358
17530,[HRA] Cesta měsíčním světlem,674443,Orákulum,2023-06-14T13:26:17+00:00,topics/17530.md,https://rpgforum.cz/forum/viewtopic.php?p=674443#p674443
17530,[HRA] Cesta měsíčním světlem,674486,Tristan Baldurson,2023-06-14T21:49:01+00:00,topics/17530.md,https://rpgforum.cz/forum/viewtopic.php?p=674486#p674486
17530,[HRA] Cesta měsíčním světlem,674626,Tristan Baldurson,2023-06-16T15:44:38+00:00,topics/17530.md,https://rpgforum.cz/forum/viewtopic.php?p=674626#p674626
17530,[HRA] Cesta měsíčním světlem,674641,Tristan Baldurson,2023-06-16T20:41:57+00:00,topics/17530.md,https://rpgforum.cz/forum/viewtopic.php?p=674641#p674641
17530,[HRA] Cesta měsíčním světlem,674726,Tristan Baldurson,2023-06-19T14:11:44+00:00,topics/17530.md,https://rpgforum.cz/forum/viewtopic.php?p=674726#p674726
17530,[HRA] Cesta měsíčním světlem,674903,Tristan Baldurson,2023-06-20T20:43:37+00:00,topics/17530.md,https://rpgforum.cz/forum/viewtopic.php?p=674903#p674903
17530,[HRA] Cesta měsíčním světlem,674936,Tristan Baldurson,2023-06-21T11:39:08+00:00,topics/17530.md,https://rpgforum.cz/forum/viewtopic.php?p=674936#p674936
17530,[HRA] Cesta měsíčním světlem,674939,Orákulum,2023-06-21T11:50:00+00:00,topics/17530.md,https://rpgforum.cz/forum/viewtopic.php?p=674939#p674939
17530,[HRA] Cesta měsíčním světlem,674940,Tristan Baldurson,2023-06-21T12:12:36+00:00,topics/17530.md,https://rpgforum.cz/forum/viewtopic.php?p=674940#p674940
17530,[HRA] Cesta měsíčním světlem,675266,Tristan Baldurson,2023-06-26T09:52:29+00:00,topics/17530.md,https://rpgforum.cz/forum/viewtopic.php?p=675266#p675266
17530,[HRA] Cesta měsíčním světlem,675372,Tristan Baldurson,2023-06-28T08:55:04+00:00,topics/17530.md,https://rpgforum.cz/forum/viewtopic.php?p=675372#p675372
17530,[HRA] Cesta měsíčním světlem,675506,Tristan Baldurson,2023-06-29T13:24:20+00:00,topics/17530.md,https://rpgforum.cz/forum/viewtopic.php?p=675506#p675506
17530,[HRA] Cesta měsíčním světlem,675635,Tristan Baldurson,2023-07-01T11:11:51+00:00,topics/17530.md,https://rpgforum.cz/forum/viewtopic.php?p=675635#p675635
17530,[HRA] Cesta měsíčním světlem,675787,Tristan Baldurson,2023-07-03T21:53:20+00:00,topics/17530.md,https://rpgforum.cz/forum/viewtopic.php?p=675787#p675787
17530,[HRA] Cesta měsíčním světlem,675800,Tristan Baldurson,2023-07-04T13:57:06+00:00,topics/17530.md,https://rpgforum.cz/forum/viewtopic.php?p=675800#p675800
17530,[HRA] Cesta měsíčním světlem,675924,Tristan Baldurson,2023-07-06T19:24:41+00:00,topics/17530.md,https://rpgforum.cz/forum/viewtopic.php?p=675924#p675924
17530,[HRA] Cesta měsíčním světlem,675954,Tristan Baldurson,2023-07-07T12:35:43+00:00,topics/17530.md,https://rpgforum.cz/forum/viewtopic.php?p=675954#p675954
17530,[HRA] Cesta měsíčním světlem,676295,Tristan Baldurson,2023-07-14T19:32:22+00:00,topics/17530.md,https://rpgforum.cz/forum/viewtopic.php?p=676295#p676295
17530,[HRA] Cesta měsíčním světlem,676314,Tristan Baldurson,2023-07-15T10:46:18+00:00,topics/17530.md,https://rpgforum.cz/forum/viewtopic.php?p=676314#p676314
17530,[HRA] Cesta měsíčním světlem,676363,Tristan Baldurson,2023-07-16T13:35:56+00:00,topics/17530.md,https://rpgforum.cz/forum/viewtopic.php?p=676363#p676363
17530,[HRA] Cesta měsíčním světlem,676372,Tristan Baldurson,2023-07-16T20:48:50+00:00,topics/17530.md,https://rpgforum.cz/forum/viewtopic.php?p=676372#p676372
17530,[HRA] Cesta měsíčním světlem,676374,Tristan Baldurson,2023-07-16T21:06:39+00:00,topics/17530.md,https://rpgforum.cz/forum/viewtopic.php?p=676374#p676374
17530,[HRA] Cesta měsíčním světlem,676384,Orákulum,2023-07-17T09:12:01+00:00,topics/17530.md,https://rpgforum.cz/forum/viewtopic.php?p=676384#p676384
17530,[HRA] Cesta měsíčním světlem,676404,Tristan Baldurson,2023-07-17T14:15:26+00:00,topics/17530.md,https://rpgforum.cz/forum/viewtopic.php?p=676404#p676404
17530,[HRA] Cesta měsíčním světlem,676431,Tristan Baldurson,2023-07-18T09:50:47+00:00,topics/17530.md,https://rpgforum.cz/forum/viewtopic.php?p=676431#p676431
17530,[HRA] Cesta měsíčním světlem,676493,Tristan Baldurson,2023-07-19T11:08:39+00:00,topics/17530.md,https://rpgforum.cz/forum/viewtopic.php?p=676493#p676493
17530,[HRA] Cesta měsíčním světlem,676527,Tristan Baldurson,2023-07-21T10:52:33+00:00,topics/17530.md,https://rpgforum.cz/forum/viewtopic.php?p=676527#p676527
17530,[HRA] Cesta měsíčním světlem,676558,Tristan Baldurson,2023-07-23T20:20:07+00:00,topics/17530.md,https://rpgforum.cz/forum/viewtopic.php?p=676558#p676558
17530,[HRA] Cesta měsíčním světlem,676566,Tristan Baldurson,2023-07-24T10:13:40+00:00,topics/17530.md,https://rpgforum.cz/forum/viewtopic.php?p=676566#p676566
17530,[HRA] Cesta měsíčním světlem,676568,Orákulum,2023-07-24T11:50:15+00:00,topics/17530.md,https://rpgforum.cz/forum/viewtopic.php?p=676568#p676568
17530,[HRA] Cesta měsíčním světlem,676791,Tristan Baldurson,2023-07-26T15:12:35+00:00,topics/17530.md,https://rpgforum.cz/forum/viewtopic.php?p=676791#p676791
17530,[HRA] Cesta měsíčním světlem,676848,Tristan Baldurson,2023-07-27T13:25:39+00:00,topics/17530.md,https://rpgforum.cz/forum/viewtopic.php?p=676848#p676848
17530,[HRA] Cesta měsíčním světlem,676877,Tristan Baldurson,2023-07-28T10:14:04+00:00,topics/17530.md,https://rpgforum.cz/forum/viewtopic.php?p=676877#p676877
17530,[HRA] Cesta měsíčním světlem,677276,Tristan Baldurson,2023-08-02T14:24:28+00:00,topics/17530.md,https://rpgforum.cz/forum/viewtopic.php?p=677276#p677276
17530,[HRA] Cesta měsíčním světlem,677371,Tristan Baldurson,2023-08-03T14:03:38+00:00,topics/17530.md,https://rpgforum.cz/forum/viewtopic.php?p=677371#p677371
17530,[HRA] Cesta měsíčním světlem,677381,Tristan Baldurson,2023-08-03T17:05:26+00:00,topics/17530.md,https://rpgforum.cz/forum/viewtopic.php?p=677381#p677381
17530,[HRA] Cesta měsíčním světlem,677408,Tristan Baldurson,2023-08-04T10:47:06+00:00,topics/17530.md,https://rpgforum.cz/forum/viewtopic.php?p=677408#p677408
17530,[HRA] Cesta měsíčním světlem,677522,Tristan Baldurson,2023-08-05T11:16:04+00:00,topics/17530.md,https://rpgforum.cz/forum/viewtopic.php?p=677522#p677522
17530,[HRA] Cesta měsíčním světlem,677564,Tristan Baldurson,2023-08-05T17:36:34+00:00,topics/17530.md,https://rpgforum.cz/forum/viewtopic.php?p=677564#p677564
17530,[HRA] Cesta měsíčním světlem,677633,Tristan Baldurson,2023-08-06T20:41:55+00:00,topics/17530.md,https://rpgforum.cz/forum/viewtopic.php?p=677633#p677633
17530,[HRA] Cesta měsíčním světlem,677884,Myrick Lysbærer,2023-08-08T17:26:24+00:00,topics/17530.md,https://rpgforum.cz/forum/viewtopic.php?p=677884#p677884
17530,[HRA] Cesta měsíčním světlem,689544,Tristan Baldurson,2024-02-22T13:23:45+00:00,topics/17530.md,https://rpgforum.cz/forum/viewtopic.php?p=689544#p689544
17530,[HRA] Cesta měsíčním světlem,689571,Orákulum,2024-02-22T22:05:41+00:00,topics/17530.md,https://rpgforum.cz/forum/viewtopic.php?p=689571#p689571
17530,[HRA] Cesta měsíčním světlem,689727,Tristan Baldurson,2024-02-25T11:52:36+00:00,topics/17530.md,https://rpgforum.cz/forum/viewtopic.php?p=689727#p689727
17530,[HRA] Cesta měsíčním světlem,689729,Orákulum,2024-02-25T12:42:11+00:00,topics/17530.md,https://rpgforum.cz/forum/viewtopic.php?p=689729#p689729
17530,[HRA] Cesta měsíčním světlem,689809,Tristan Baldurson,2024-02-26T17:55:00+00:00,topics/17530.md,https://rpgforum.cz/forum/viewtopic.php?p=689809#p689809
17530,[HRA] Cesta měsíčním světlem,689873,Orákulum,2024-02-27T16:13:19+00:00,topics/17530.md,https://rpgforum.cz/forum/viewtopic.php?p=689873#p689873
17530,[HRA] Cesta měsíčním světlem,689878,Tristan Baldurson,2024-02-27T17:09:08+00:00,topics/17530.md,https://rpgforum.cz/forum/viewtopic.php?p=689878#p689878
17530,[HRA] Cesta měsíčním světlem,689888,Tristan Baldurson,2024-02-27T21:48:35+00:00,topics/17530.md,https://rpgforum.cz/forum/viewtopic.php?p=689888#p689888
17546,[HRA] K Rudému vrchu,670347,Myrick Lysbærer,2023-04-27T13:05:29+00:00,topics/17546.md,https://rpgforum.cz/forum/viewtopic.php?p=670347#p670347
17546,[HRA] K Rudému vrchu,670378,Myrick Lysbærer,2023-04-27T20:07:48+00:00,topics/17546.md,https://rpgforum.cz/forum/viewtopic.php?p=670378#p670378
17546,[HRA] K Rudému vrchu,670381,Myrick Lysbærer,2023-04-27T20:41:10+00:00,topics/17546.md,https://rpgforum.cz/forum/viewtopic.php?p=670381#p670381
17546,[HRA] K Rudému vrchu,670774,Bjorn Olafsson,2023-05-02T19:09:01+00:00,topics/17546.md,https://rpgforum.cz/forum/viewtopic.php?p=670774#p670774
17546,[HRA] K Rudému vrchu,670781,Myrick Lysbærer,2023-05-02T21:00:49+00:00,topics/17546.md,https://rpgforum.cz/forum/viewtopic.php?p=670781#p670781
17546,[HRA] K Rudému vrchu,670792,Bjorn Olafsson,2023-05-03T08:17:28+00:00,topics/17546.md,https://rpgforum.cz/forum/viewtopic.php?p=670792#p670792
17546,[HRA] K Rudému vrchu,670820,Myrick Lysbærer,2023-05-03T20:05:44+00:00,topics/17546.md,https://rpgforum.cz/forum/viewtopic.php?p=670820#p670820
17546,[HRA] K Rudému vrchu,670871,Bjorn Olafsson,2023-05-04T16:05:40+00:00,topics/17546.md,https://rpgforum.cz/forum/viewtopic.php?p=670871#p670871
17546,[HRA] K Rudému vrchu,670919,MarkyParky,2023-05-06T06:13:01+00:00,topics/17546.md,https://rpgforum.cz/forum/viewtopic.php?p=670919#p670919
17546,[HRA] K Rudému vrchu,670943,Bjorn Olafsson,2023-05-06T19:18:50+00:00,topics/17546.md,https://rpgforum.cz/forum/viewtopic.php?p=670943#p670943
17546,[HRA] K Rudému vrchu,670998,Myrick Lysbærer,2023-05-08T21:40:23+00:00,topics/17546.md,https://rpgforum.cz/forum/viewtopic.php?p=670998#p670998
17546,[HRA] K Rudému vrchu,671015,Bjorn Olafsson,2023-05-09T08:44:13+00:00,topics/17546.md,https://rpgforum.cz/forum/viewtopic.php?p=671015#p671015
17546,[HRA] K Rudému vrchu,671051,Myrick Lysbærer,2023-05-09T19:35:11+00:00,topics/17546.md,https://rpgforum.cz/forum/viewtopic.php?p=671051#p671051
17546,[HRA] K Rudému vrchu,671328,Bjorn Olafsson,2023-05-14T10:20:11+00:00,topics/17546.md,https://rpgforum.cz/forum/viewtopic.php?p=671328#p671328
17546,[HRA] K Rudému vrchu,671412,Myrick Lysbærer,2023-05-15T20:32:16+00:00,topics/17546.md,https://rpgforum.cz/forum/viewtopic.php?p=671412#p671412
17546,[HRA] K Rudému vrchu,671432,Bjorn Olafsson,2023-05-16T09:25:56+00:00,topics/17546.md,https://rpgforum.cz/forum/viewtopic.php?p=671432#p671432
17546,[HRA] K Rudému vrchu,671463,Myrick Lysbærer,2023-05-16T20:16:16+00:00,topics/17546.md,https://rpgforum.cz/forum/viewtopic.php?p=671463#p671463
17546,[HRA] K Rudému vrchu,671554,Bjorn Olafsson,2023-05-18T13:39:33+00:00,topics/17546.md,https://rpgforum.cz/forum/viewtopic.php?p=671554#p671554
17546,[HRA] K Rudému vrchu,671587,Myrick Lysbærer,2023-05-18T20:29:41+00:00,topics/17546.md,https://rpgforum.cz/forum/viewtopic.php?p=671587#p671587
17546,[HRA] K Rudému vrchu,671783,Myrick Lysbærer,2023-05-22T00:48:51+00:00,topics/17546.md,https://rpgforum.cz/forum/viewtopic.php?p=671783#p671783
17546,[HRA] K Rudému vrchu,672008,Bjorn Olafsson,2023-05-24T13:25:25+00:00,topics/17546.md,https://rpgforum.cz/forum/viewtopic.php?p=672008#p672008
17546,[HRA] K Rudému vrchu,672456,Myrick Lysbærer,2023-05-27T21:12:23+00:00,topics/17546.md,https://rpgforum.cz/forum/viewtopic.php?p=672456#p672456
17546,[HRA] K Rudému vrchu,672464,Bjorn Olafsson,2023-05-27T22:05:28+00:00,topics/17546.md,https://rpgforum.cz/forum/viewtopic.php?p=672464#p672464
17546,[HRA] K Rudému vrchu,672544,Myrick Lysbærer,2023-05-28T22:48:42+00:00,topics/17546.md,https://rpgforum.cz/forum/viewtopic.php?p=672544#p672544
17546,[HRA] K Rudému vrchu,672711,Bjorn Olafsson,2023-05-30T16:02:05+00:00,topics/17546.md,https://rpgforum.cz/forum/viewtopic.php?p=672711#p672711
17546,[HRA] K Rudému vrchu,672722,Myrick Lysbærer,2023-05-30T16:48:41+00:00,topics/17546.md,https://rpgforum.cz/forum/viewtopic.php?p=672722#p672722
17546,[HRA] K Rudému vrchu,673383,Bjorn Olafsson,2023-06-02T18:51:17+00:00,topics/17546.md,https://rpgforum.cz/forum/viewtopic.php?p=673383#p673383
17546,[HRA] K Rudému vrchu,673524,Myrick Lysbærer,2023-06-04T14:03:03+00:00,topics/17546.md,https://rpgforum.cz/forum/viewtopic.php?p=673524#p673524
17546,[HRA] K Rudému vrchu,673864,Bjorn Olafsson,2023-06-07T11:32:13+00:00,topics/17546.md,https://rpgforum.cz/forum/viewtopic.php?p=673864#p673864
17546,[HRA] K Rudému vrchu,674162,Myrick Lysbærer,2023-06-09T12:39:40+00:00,topics/17546.md,https://rpgforum.cz/forum/viewtopic.php?p=674162#p674162
17546,[HRA] K Rudému vrchu,674275,Bjorn Olafsson,2023-06-12T09:00:04+00:00,topics/17546.md,https://rpgforum.cz/forum/viewtopic.php?p=674275#p674275
17546,[HRA] K Rudému vrchu,674304,Myrick Lysbærer,2023-06-12T16:17:46+00:00,topics/17546.md,https://rpgforum.cz/forum/viewtopic.php?p=674304#p674304
17546,[HRA] K Rudému vrchu,674356,Bjorn Olafsson,2023-06-13T12:38:38+00:00,topics/17546.md,https://rpgforum.cz/forum/viewtopic.php?p=674356#p674356
17546,[HRA] K Rudému vrchu,674366,Myrick Lysbærer,2023-06-13T14:05:18+00:00,topics/17546.md,https://rpgforum.cz/forum/viewtopic.php?p=674366#p674366
17546,[HRA] K Rudému vrchu,674448,Bjorn Olafsson,2023-06-14T13:45:48+00:00,topics/17546.md,https://rpgforum.cz/forum/viewtopic.php?p=674448#p674448
17546,[HRA] K Rudému vrchu,674475,Myrick Lysbærer,2023-06-14T18:04:33+00:00,topics/17546.md,https://rpgforum.cz/forum/viewtopic.php?p=674475#p674475
17546,[HRA] K Rudému vrchu,674727,Myrick Lysbærer,2023-06-19T14:11:48+00:00,topics/17546.md,https://rpgforum.cz/forum/viewtopic.php?p=674727#p674727
17546,[HRA] K Rudému vrchu,674973,Bjorn Olafsson,2023-06-21T21:40:10+00:00,topics/17546.md,https://rpgforum.cz/forum/viewtopic.php?p=674973#p674973
17546,[HRA] K Rudému vrchu,674983,Myrick Lysbærer,2023-06-22T12:35:18+00:00,topics/17546.md,https://rpgforum.cz/forum/viewtopic.php?p=674983#p674983
17546,[HRA] K Rudému vrchu,675209,Bjorn Olafsson,2023-06-25T16:37:22+00:00,topics/17546.md,https://rpgforum.cz/forum/viewtopic.php?p=675209#p675209
17546,[HRA] K Rudému vrchu,675212,Orákulum,2023-06-25T17:12:12+00:00,topics/17546.md,https://rpgforum.cz/forum/viewtopic.php?p=675212#p675212
17546,[HRA] K Rudému vrchu,675300,Bjorn Olafsson,2023-06-26T21:57:56+00:00,topics/17546.md,https://rpgforum.cz/forum/viewtopic.php?p=675300#p675300
17546,[HRA] K Rudému vrchu,675353,Myrick Lysbærer,2023-06-27T21:25:13+00:00,topics/17546.md,https://rpgforum.cz/forum/viewtopic.php?p=675353#p675353
17546,[HRA] K Rudému vrchu,675359,Myrick Lysbærer,2023-06-28T07:39:37+00:00,topics/17546.md,https://rpgforum.cz/forum/viewtopic.php?p=675359#p675359
17546,[HRA] K Rudému vrchu,675387,Bjorn Olafsson,2023-06-28T12:15:08+00:00,topics/17546.md,https://rpgforum.cz/forum/viewtopic.php?p=675387#p675387
17546,[HRA] K Rudému vrchu,675425,Myrick Lysbærer,2023-06-29T04:08:46+00:00,topics/17546.md,https://rpgforum.cz/forum/viewtopic.php?p=675425#p675425
17546,[HRA] K Rudému vrchu,675673,Bjorn Olafsson,2023-07-01T20:42:46+00:00,topics/17546.md,https://rpgforum.cz/forum/viewtopic.php?p=675673#p675673
17546,[HRA] K Rudému vrchu,675702,Myrick Lysbærer,2023-07-02T14:16:38+00:00,topics/17546.md,https://rpgforum.cz/forum/viewtopic.php?p=675702#p675702
17546,[HRA] K Rudému vrchu,675799,Myrick Lysbærer,2023-07-04T13:33:12+00:00,topics/17546.md,https://rpgforum.cz/forum/viewtopic.php?p=675799#p675799
17546,[HRA] K Rudému vrchu,675820,Bjorn Olafsson,2023-07-04T21:51:32+00:00,topics/17546.md,https://rpgforum.cz/forum/viewtopic.php?p=675820#p675820
17546,[HRA] K Rudému vrchu,676128,Myrick Lysbærer,2023-07-11T20:19:00+00:00,topics/17546.md,https://rpgforum.cz/forum/viewtopic.php?p=676128#p676128
17546,[HRA] K Rudému vrchu,676315,Myrick Lysbærer,2023-07-15T12:17:07+00:00,topics/17546.md,https://rpgforum.cz/forum/viewtopic.php?p=676315#p676315
17546,[HRA] K Rudému vrchu,676317,Myrick Lysbærer,2023-07-15T12:57:38+00:00,topics/17546.md,https://rpgforum.cz/forum/viewtopic.php?p=676317#p676317
17546,[HRA] K Rudému vrchu,676324,Myrick Lysbærer,2023-07-15T15:17:11+00:00,topics/17546.md,https://rpgforum.cz/forum/viewtopic.php?p=676324#p676324
17546,[HRA] K Rudému vrchu,676347,Myrick Lysbærer,2023-07-16T04:36:36+00:00,topics/17546.md,https://rpgforum.cz/forum/viewtopic.php?p=676347#p676347
17546,[HRA] K Rudému vrchu,676368,Myrick Lysbærer,2023-07-16T15:29:07+00:00,topics/17546.md,https://rpgforum.cz/forum/viewtopic.php?p=676368#p676368
17546,[HRA] K Rudému vrchu,676375,Myrick Lysbærer,2023-07-16T21:27:51+00:00,topics/17546.md,https://rpgforum.cz/forum/viewtopic.php?p=676375#p676375
17546,[HRA] K Rudému vrchu,676382,Myrick Lysbærer,2023-07-17T08:03:45+00:00,topics/17546.md,https://rpgforum.cz/forum/viewtopic.php?p=676382#p676382
17546,[HRA] K Rudému vrchu,676416,Bjorn Olafsson,2023-07-17T17:52:16+00:00,topics/17546.md,https://rpgforum.cz/forum/viewtopic.php?p=676416#p676416
17546,[HRA] K Rudému vrchu,676418,Orákulum,2023-07-17T18:11:52+00:00,topics/17546.md,https://rpgforum.cz/forum/viewtopic.php?p=676418#p676418
17546,[HRA] K Rudému vrchu,676419,Bjorn Olafsson,2023-07-17T19:14:14+00:00,topics/17546.md,https://rpgforum.cz/forum/viewtopic.php?p=676419#p676419
17546,[HRA] K Rudému vrchu,676420,Bjorn Olafsson,2023-07-17T20:27:06+00:00,topics/17546.md,https://rpgforum.cz/forum/viewtopic.php?p=676420#p676420
17546,[HRA] K Rudému vrchu,676422,Myrick Lysbærer,2023-07-17T21:03:11+00:00,topics/17546.md,https://rpgforum.cz/forum/viewtopic.php?p=676422#p676422
17546,[HRA] K Rudému vrchu,676424,Bjorn Olafsson,2023-07-17T21:40:37+00:00,topics/17546.md,https://rpgforum.cz/forum/viewtopic.php?p=676424#p676424
17546,[HRA] K Rudému vrchu,676438,Myrick Lysbærer,2023-07-18T10:44:46+00:00,topics/17546.md,https://rpgforum.cz/forum/viewtopic.php?p=676438#p676438
17546,[HRA] K Rudému vrchu,676462,Bjorn Olafsson,2023-07-18T13:52:15+00:00,topics/17546.md,https://rpgforum.cz/forum/viewtopic.php?p=676462#p676462
17546,[HRA] K Rudému vrchu,676472,Myrick Lysbærer,2023-07-18T18:58:45+00:00,topics/17546.md,https://rpgforum.cz/forum/viewtopic.php?p=676472#p676472
17546,[HRA] K Rudému vrchu,676503,Myrick Lysbærer,2023-07-19T20:51:25+00:00,topics/17546.md,https://rpgforum.cz/forum/viewtopic.php?p=676503#p676503
17546,[HRA] K Rudému vrchu,676526,Myrick Lysbærer,2023-07-21T09:48:16+00:00,topics/17546.md,https://rpgforum.cz/forum/viewtopic.php?p=676526#p676526
17546,[HRA] K Rudému vrchu,676528,Bjorn Olafsson,2023-07-21T13:01:42+00:00,topics/17546.md,https://rpgforum.cz/forum/viewtopic.php?p=676528#p676528
17546,[HRA] K Rudému vrchu,676544,Myrick Lysbærer,2023-07-22T21:26:45+00:00,topics/17546.md,https://rpgforum.cz/forum/viewtopic.php?p=676544#p676544
17546,[HRA] K Rudému vrchu,676551,Bjorn Olafsson,2023-07-23T12:21:11+00:00,topics/17546.md,https://rpgforum.cz/forum/viewtopic.php?p=676551#p676551
17546,[HRA] K Rudému vrchu,676559,Myrick Lysbærer,2023-07-23T23:02:35+00:00,topics/17546.md,https://rpgforum.cz/forum/viewtopic.php?p=676559#p676559
17546,[HRA] K Rudému vrchu,676565,Bjorn Olafsson,2023-07-24T09:26:01+00:00,topics/17546.md,https://rpgforum.cz/forum/viewtopic.php?p=676565#p676565
17546,[HRA] K Rudému vrchu,676599,Myrick Lysbærer,2023-07-24T23:16:02+00:00,topics/17546.md,https://rpgforum.cz/forum/viewtopic.php?p=676599#p676599
17546,[HRA] K Rudému vrchu,676806,Myrick Lysbærer,2023-07-26T21:10:54+00:00,topics/17546.md,https://rpgforum.cz/forum/viewtopic.php?p=676806#p676806
17546,[HRA] K Rudému vrchu,676811,Bjorn Olafsson,2023-07-26T23:05:38+00:00,topics/17546.md,https://rpgforum.cz/forum/viewtopic.php?p=676811#p676811
17546,[HRA] K Rudému vrchu,676861,Myrick Lysbærer,2023-07-27T20:40:17+00:00,topics/17546.md,https://rpgforum.cz/forum/viewtopic.php?p=676861#p676861
17546,[HRA] K Rudému vrchu,676872,Myrick Lysbærer,2023-07-28T08:35:38+00:00,topics/17546.md,https://rpgforum.cz/forum/viewtopic.php?p=676872#p676872
17546,[HRA] K Rudému vrchu,676933,Bjorn Olafsson,2023-07-28T22:03:28+00:00,topics/17546.md,https://rpgforum.cz/forum/viewtopic.php?p=676933#p676933
17546,[HRA] K Rudému vrchu,676936,Bjorn Olafsson,2023-07-28T22:39:18+00:00,topics/17546.md,https://rpgforum.cz/forum/viewtopic.php?p=676936#p676936
17546,[HRA] K Rudému vrchu,677071,Bjorn Olafsson,2023-07-30T15:38:52+00:00,topics/17546.md,https://rpgforum.cz/forum/viewtopic.php?p=677071#p677071
17546,[HRA] K Rudému vrchu,677098,Myrick Lysbærer,2023-07-31T05:21:39+00:00,topics/17546.md,https://rpgforum.cz/forum/viewtopic.php?p=677098#p677098
17546,[HRA] K Rudému vrchu,677124,Myrick Lysbærer,2023-07-31T10:42:01+00:00,topics/17546.md,https://rpgforum.cz/forum/viewtopic.php?p=677124#p677124
17546,[HRA] K Rudému vrchu,677126,Bjorn Olafsson,2023-07-31T11:19:59+00:00,topics/17546.md,https://rpgforum.cz/forum/viewtopic.php?p=677126#p677126
17546,[HRA] K Rudému vrchu,677133,Myrick Lysbærer,2023-07-31T11:57:17+00:00,topics/17546.md,https://rpgforum.cz/forum/viewtopic.php?p=677133#p677133
17546,[HRA] K Rudému vrchu,677230,Myrick Lysbærer,2023-08-01T20:29:23+00:00,topics/17546.md,https://rpgforum.cz/forum/viewtopic.php?p=677230#p677230
17546,[HRA] K Rudému vrchu,677380,Myrick Lysbærer,2023-08-03T16:51:34+00:00,topics/17546.md,https://rpgforum.cz/forum/viewtopic.php?p=677380#p677380
17546,[HRA] K Rudému vrchu,677486,Myrick Lysbærer,2023-08-04T20:42:42+00:00,topics/17546.md,https://rpgforum.cz/forum/viewtopic.php?p=677486#p677486
17546,[HRA] K Rudému vrchu,677490,Bjorn Olafsson,2023-08-04T22:55:27+00:00,topics/17546.md,https://rpgforum.cz/forum/viewtopic.php?p=677490#p677490
17546,[HRA] K Rudému vrchu,677506,Myrick Lysbærer,2023-08-05T09:13:43+00:00,topics/17546.md,https://rpgforum.cz/forum/viewtopic.php?p=677506#p677506
17546,[HRA] K Rudému vrchu,677541,Myrick Lysbærer,2023-08-05T14:21:02+00:00,topics/17546.md,https://rpgforum.cz/forum/viewtopic.php?p=677541#p677541
17546,[HRA] K Rudému vrchu,677559,Myrick Lysbærer,2023-08-05T16:19:30+00:00,topics/17546.md,https://rpgforum.cz/forum/viewtopic.php?p=677559#p677559
17546,[HRA] K Rudému vrchu,677572,Bjorn Olafsson,2023-08-05T20:31:57+00:00,topics/17546.md,https://rpgforum.cz/forum/viewtopic.php?p=677572#p677572
17546,[HRA] K Rudému vrchu,677691,Bjorn Olafsson,2023-08-07T13:47:10+00:00,topics/17546.md,https://rpgforum.cz/forum/viewtopic.php?p=677691#p677691
17546,[HRA] K Rudému vrchu,677883,Myrick Lysbærer,2023-08-08T17:25:36+00:00,topics/17546.md,https://rpgforum.cz/forum/viewtopic.php?p=677883#p677883
17621,[LOKACE a NPC] Mokřiny,676327,Orákulum,2023-07-15T16:28:23+00:00,topics/17621.md,https://rpgforum.cz/forum/viewtopic.php?p=676327#p676327
17621,[LOKACE a NPC] Mokřiny,676328,Orákulum,2023-07-15T16:32:21+00:00,topics/17621.md,https://rpgforum.cz/forum/viewtopic.php?p=676328#p676328
17621,[LOKACE a NPC] Mokřiny,676329,Orákulum,2023-07-15T16:36:00+00:00,topics/17621.md,https://rpgforum.cz/forum/viewtopic.php?p=676329#p676329
17621,[LOKACE a NPC] Mokřiny,676331,Orákulum,2023-07-15T16:50:09+00:00,topics/17621.md,https://rpgforum.cz/forum/viewtopic.php?p=676331#p676331
17622,[LOKACE a NPC] Bouřné vrchy,676333,Orákulum,2023-07-15T17:15:52+00:00,topics/17622.md,https://rpgforum.cz/forum/viewtopic.php?p=676333#p676333
17622,[LOKACE a NPC] Bouřné vrchy,676334,Orákulum,2023-07-15T17:17:26+00:00,topics/17622.md,https://rpgforum.cz/forum/viewtopic.php?p=676334#p676334
17622,[LOKACE a NPC] Bouřné vrchy,690840,Orákulum,2024-03-13T09:44:13+00:00,topics/17622.md,https://rpgforum.cz/forum/viewtopic.php?p=690840#p690840
17622,[LOKACE a NPC] Bouřné vrchy,698433,Orákulum,2024-08-20T09:02:09+00:00,topics/17622.md,https://rpgforum.cz/forum/viewtopic.php?p=698433#p698433
17622,[LOKACE a NPC] Bouřné vrchy,701292,Orákulum,2024-10-14T14:28:29+00:00,topics/17622.md,https://rpgforum.cz/forum/viewtopic.php?p=701292#p701292
17622,[LOKACE a NPC] Bouřné vrchy,701932,Orákulum,2024-10-30T12:47:02+00:00,topics/17622.md,https://rpgforum.cz/forum/viewtopic.php?p=701932#p701932
17686,[HRA] Zima přichází do Bouřného lesa,677882,Myrick Lysbærer,2023-08-08T17:20:08+00:00,topics/17686.md,https://rpgforum.cz/forum/viewtopic.php?p=677882#p677882
17686,[HRA] Zima přichází do Bouřného lesa,677942,Tristan Baldurson,2023-08-09T10:34:55+00:00,topics/17686.md,https://rpgforum.cz/forum/viewtopic.php?p=677942#p677942
17686,[HRA] Zima přichází do Bouřného lesa,677946,Myrick Lysbærer,2023-08-09T11:37:41+00:00,topics/17686.md,https://rpgforum.cz/forum/viewtopic.php?p=677946#p677946
17686,[HRA] Zima přichází do Bouřného lesa,677995,Bjorn Olafsson,2023-08-09T18:59:14+00:00,topics/17686.md,https://rpgforum.cz/forum/viewtopic.php?p=677995#p677995
17686,[HRA] Zima přichází do Bouřného lesa,678051,Myrick Lysbærer,2023-08-10T13:14:59+00:00,topics/17686.md,https://rpgforum.cz/forum/viewtopic.php?p=678051#p678051
17686,[HRA] Zima přichází do Bouřného lesa,678087,Tristan Baldurson,2023-08-10T21:35:11+00:00,topics/17686.md,https://rpgforum.cz/forum/viewtopic.php?p=678087#p678087
17686,[HRA] Zima přichází do Bouřného lesa,678106,Bjorn Olafsson,2023-08-11T08:26:41+00:00,topics/17686.md,https://rpgforum.cz/forum/viewtopic.php?p=678106#p678106
17686,[HRA] Zima přichází do Bouřného lesa,678122,Tristan Baldurson,2023-08-11T13:58:26+00:00,topics/17686.md,https://rpgforum.cz/forum/viewtopic.php?p=678122#p678122
17686,[HRA] Zima přichází do Bouřného lesa,678235,Myrick Lysbærer,2023-08-13T09:18:25+00:00,topics/17686.md,https://rpgforum.cz/forum/viewtopic.php?p=678235#p678235
17686,[HRA] Zima přichází do Bouřného lesa,678398,Orákulum,2023-08-15T16:50:03+00:00,topics/17686.md,https://rpgforum.cz/forum/viewtopic.php?p=678398#p678398
17686,[HRA] Zima přichází do Bouřného lesa,678401,Tristan Baldurson,2023-08-15T17:31:05+00:00,topics/17686.md,https://rpgforum.cz/forum/viewtopic.php?p=678401#p678401
17686,[HRA] Zima přichází do Bouřného lesa,678415,Orákulum,2023-08-16T05:20:24+00:00,topics/17686.md,https://rpgforum.cz/forum/viewtopic.php?p=678415#p678415
17686,[HRA] Zima přichází do Bouřného lesa,678687,Myrick Lysbærer,2023-08-17T21:11:17+00:00,topics/17686.md,https://rpgforum.cz/forum/viewtopic.php?p=678687#p678687
17686,[HRA] Zima přichází do Bouřného lesa,678688,Tristan Baldurson,2023-08-17T21:27:44+00:00,topics/17686.md,https://rpgforum.cz/forum/viewtopic.php?p=678688#p678688
17686,[HRA] Zima přichází do Bouřného lesa,678827,Bjorn Olafsson,2023-08-19T19:57:06+00:00,topics/17686.md,https://rpgforum.cz/forum/viewtopic.php?p=678827#p678827
17686,[HRA] Zima přichází do Bouřného lesa,678906,Myrick Lysbærer,2023-08-20T21:42:45+00:00,topics/17686.md,https://rpgforum.cz/forum/viewtopic.php?p=678906#p678906
17686,[HRA] Zima přichází do Bouřného lesa,678943,Tristan Baldurson,2023-08-21T15:35:08+00:00,topics/17686.md,https://rpgforum.cz/forum/viewtopic.php?p=678943#p678943
17686,[HRA] Zima přichází do Bouřného lesa,678962,Orákulum,2023-08-21T22:36:37+00:00,topics/17686.md,https://rpgforum.cz/forum/viewtopic.php?p=678962#p678962
17686,[HRA] Zima přichází do Bouřného lesa,678988,Bjorn Olafsson,2023-08-22T13:13:46+00:00,topics/17686.md,https://rpgforum.cz/forum/viewtopic.php?p=678988#p678988
17686,[HRA] Zima přichází do Bouřného lesa,679016,Tristan Baldurson,2023-08-22T21:32:12+00:00,topics/17686.md,https://rpgforum.cz/forum/viewtopic.php?p=679016#p679016
17686,[HRA] Zima přichází do Bouřného lesa,679018,Myrick Lysbærer,2023-08-22T22:04:58+00:00,topics/17686.md,https://rpgforum.cz/forum/viewtopic.php?p=679018#p679018
17686,[HRA] Zima přichází do Bouřného lesa,679022,Myrick Lysbærer,2023-08-23T04:34:43+00:00,topics/17686.md,https://rpgforum.cz/forum/viewtopic.php?p=679022#p679022
17686,[HRA] Zima přichází do Bouřného lesa,679111,Bjorn Olafsson,2023-08-23T21:05:30+00:00,topics/17686.md,https://rpgforum.cz/forum/viewtopic.php?p=679111#p679111
17686,[HRA] Zima přichází do Bouřného lesa,679180,Tristan Baldurson,2023-08-24T20:22:48+00:00,topics/17686.md,https://rpgforum.cz/forum/viewtopic.php?p=679180#p679180
17686,[HRA] Zima přichází do Bouřného lesa,679183,Myrick Lysbærer,2023-08-24T21:55:39+00:00,topics/17686.md,https://rpgforum.cz/forum/viewtopic.php?p=679183#p679183
17686,[HRA] Zima přichází do Bouřného lesa,679200,Myrick Lysbærer,2023-08-25T08:55:31+00:00,topics/17686.md,https://rpgforum.cz/forum/viewtopic.php?p=679200#p679200
17686,[HRA] Zima přichází do Bouřného lesa,679208,Myrick Lysbærer,2023-08-25T11:33:06+00:00,topics/17686.md,https://rpgforum.cz/forum/viewtopic.php?p=679208#p679208
17686,[HRA] Zima přichází do Bouřného lesa,679210,Myrick Lysbærer,2023-08-25T11:56:18+00:00,topics/17686.md,https://rpgforum.cz/forum/viewtopic.php?p=679210#p679210
17686,[HRA] Zima přichází do Bouřného lesa,679256,Bjorn Olafsson,2023-08-26T21:58:28+00:00,topics/17686.md,https://rpgforum.cz/forum/viewtopic.php?p=679256#p679256
17686,[HRA] Zima přichází do Bouřného lesa,679340,Tristan Baldurson,2023-08-28T13:53:03+00:00,topics/17686.md,https://rpgforum.cz/forum/viewtopic.php?p=679340#p679340
17686,[HRA] Zima přichází do Bouřného lesa,679351,Bjorn Olafsson,2023-08-28T17:29:37+00:00,topics/17686.md,https://rpgforum.cz/forum/viewtopic.php?p=679351#p679351
17686,[HRA] Zima přichází do Bouřného lesa,679360,Tristan Baldurson,2023-08-28T19:50:28+00:00,topics/17686.md,https://rpgforum.cz/forum/viewtopic.php?p=679360#p679360
17686,[HRA] Zima přichází do Bouřného lesa,679373,Tristan Baldurson,2023-08-29T08:56:26+00:00,topics/17686.md,https://rpgforum.cz/forum/viewtopic.php?p=679373#p679373
17686,[HRA] Zima přichází do Bouřného lesa,679419,Tristan Baldurson,2023-08-29T14:24:41+00:00,topics/17686.md,https://rpgforum.cz/forum/viewtopic.php?p=679419#p679419
17686,[HRA] Zima přichází do Bouřného lesa,679529,Tristan Baldurson,2023-08-30T16:15:12+00:00,topics/17686.md,https://rpgforum.cz/forum/viewtopic.php?p=679529#p679529
17686,[HRA] Zima přichází do Bouřného lesa,679540,Myrick Lysbærer,2023-08-30T18:07:57+00:00,topics/17686.md,https://rpgforum.cz/forum/viewtopic.php?p=679540#p679540
17686,[HRA] Zima přichází do Bouřného lesa,679557,Myrick Lysbærer,2023-08-31T07:38:26+00:00,topics/17686.md,https://rpgforum.cz/forum/viewtopic.php?p=679557#p679557
17686,[HRA] Zima přichází do Bouřného lesa,679558,Myrick Lysbærer,2023-08-31T07:46:25+00:00,topics/17686.md,https://rpgforum.cz/forum/viewtopic.php?p=679558#p679558
17686,[HRA] Zima přichází do Bouřného lesa,679581,Tristan Baldurson,2023-08-31T09:06:56+00:00,topics/17686.md,https://rpgforum.cz/forum/viewtopic.php?p=679581#p679581
17686,[HRA] Zima přichází do Bouřného lesa,679661,Myrick Lysbærer,2023-09-01T11:30:58+00:00,topics/17686.md,https://rpgforum.cz/forum/viewtopic.php?p=679661#p679661
17686,[HRA] Zima přichází do Bouřného lesa,679878,Myrick Lysbærer,2023-09-05T10:34:44+00:00,topics/17686.md,https://rpgforum.cz/forum/viewtopic.php?p=679878#p679878
17686,[HRA] Zima přichází do Bouřného lesa,679902,Orákulum,2023-09-05T12:06:03+00:00,topics/17686.md,https://rpgforum.cz/forum/viewtopic.php?p=679902#p679902
17686,[HRA] Zima přichází do Bouřného lesa,679909,Myrick Lysbærer,2023-09-05T12:43:52+00:00,topics/17686.md,https://rpgforum.cz/forum/viewtopic.php?p=679909#p679909
17686,[HRA] Zima přichází do Bouřného lesa,679933,Myrick Lysbærer,2023-09-06T10:07:32+00:00,topics/17686.md,https://rpgforum.cz/forum/viewtopic.php?p=679933#p679933
17686,[HRA] Zima přichází do Bouřného lesa,679937,Bjorn Olafsson,2023-09-06T11:46:05+00:00,topics/17686.md,https://rpgforum.cz/forum/viewtopic.php?p=679937#p679937
17686,[HRA] Zima přichází do Bouřného lesa,679943,Bjorn Olafsson,2023-09-06T19:37:54+00:00,topics/17686.md,https://rpgforum.cz/forum/viewtopic.php?p=679943#p679943
17686,[HRA] Zima přichází do Bouřného lesa,679945,Myrick Lysbærer,2023-09-06T21:41:31+00:00,topics/17686.md,https://rpgforum.cz/forum/viewtopic.php?p=679945#p679945
17686,[HRA] Zima přichází do Bouřného lesa,679949,Bjorn Olafsson,2023-09-07T11:35:23+00:00,topics/17686.md,https://rpgforum.cz/forum/viewtopic.php?p=679949#p679949
17686,[HRA] Zima přichází do Bouřného lesa,679952,Tristan Baldurson,2023-09-07T14:48:41+00:00,topics/17686.md,https://rpgforum.cz/forum/viewtopic.php?p=679952#p679952
17686,[HRA] Zima přichází do Bouřného lesa,679970,Bjorn Olafsson,2023-09-07T19:21:55+00:00,topics/17686.md,https://rpgforum.cz/forum/viewtopic.php?p=679970#p679970
17686,[HRA] Zima přichází do Bouřného lesa,679972,Orákulum,2023-09-07T19:39:40+00:00,topics/17686.md,https://rpgforum.cz/forum/viewtopic.php?p=679972#p679972
17686,[HRA] Zima přichází do Bouřného lesa,680033,Myrick Lysbærer,2023-09-08T14:14:46+00:00,topics/17686.md,https://rpgforum.cz/forum/viewtopic.php?p=680033#p680033
17686,[HRA] Zima přichází do Bouřného lesa,680049,Myrick Lysbærer,2023-09-08T17:25:06+00:00,topics/17686.md,https://rpgforum.cz/forum/viewtopic.php?p=680049#p680049
17686,[HRA] Zima přichází do Bouřného lesa,680075,Bjorn Olafsson,2023-09-08T20:25:37+00:00,topics/17686.md,https://rpgforum.cz/forum/viewtopic.php?p=680075#p680075
17686,[HRA] Zima přichází do Bouřného lesa,680079,Bjorn Olafsson,2023-09-08T21:15:58+00:00,topics/17686.md,https://rpgforum.cz/forum/viewtopic.php?p=680079#p680079
17686,[HRA] Zima přichází do Bouřného lesa,680080,Myrick Lysbærer,2023-09-08T21:24:10+00:00,topics/17686.md,https://rpgforum.cz/forum/viewtopic.php?p=680080#p680080
17686,[HRA] Zima přichází do Bouřného lesa,680195,Myrick Lysbærer,2023-09-09T20:15:48+00:00,topics/17686.md,https://rpgforum.cz/forum/viewtopic.php?p=680195#p680195
17686,[HRA] Zima přichází do Bouřného lesa,680212,Myrick Lysbærer,2023-09-10T07:21:11+00:00,topics/17686.md,https://rpgforum.cz/forum/viewtopic.php?p=680212#p680212
17686,[HRA] Zima přichází do Bouřného lesa,680291,Tristan Baldurson,2023-09-11T13:00:56+00:00,topics/17686.md,https://rpgforum.cz/forum/viewtopic.php?p=680291#p680291
17686,[HRA] Zima přichází do Bouřného lesa,680425,Bjorn Olafsson,2023-09-12T20:05:18+00:00,topics/17686.md,https://rpgforum.cz/forum/viewtopic.php?p=680425#p680425
17686,[HRA] Zima přichází do Bouřného lesa,680453,Tristan Baldurson,2023-09-13T08:50:49+00:00,topics/17686.md,https://rpgforum.cz/forum/viewtopic.php?p=680453#p680453
17686,[HRA] Zima přichází do Bouřného lesa,680497,Bjorn Olafsson,2023-09-13T19:40:24+00:00,topics/17686.md,https://rpgforum.cz/forum/viewtopic.php?p=680497#p680497
17686,[HRA] Zima přichází do Bouřného lesa,680527,Tristan Baldurson,2023-09-14T10:17:52+00:00,topics/17686.md,https://rpgforum.cz/forum/viewtopic.php?p=680527#p680527
17686,[HRA] Zima přichází do Bouřného lesa,680542,Bjorn Olafsson,2023-09-14T12:20:16+00:00,topics/17686.md,https://rpgforum.cz/forum/viewtopic.php?p=680542#p680542
17686,[HRA] Zima přichází do Bouřného lesa,680588,Tristan Baldurson,2023-09-14T21:48:34+00:00,topics/17686.md,https://rpgforum.cz/forum/viewtopic.php?p=680588#p680588
17686,[HRA] Zima přichází do Bouřného lesa,680617,Bjorn Olafsson,2023-09-15T11:42:31+00:00,topics/17686.md,https://rpgforum.cz/forum/viewtopic.php?p=680617#p680617
17686,[HRA] Zima přichází do Bouřného lesa,680618,Myrick Lysbærer,2023-09-15T12:42:27+00:00,topics/17686.md,https://rpgforum.cz/forum/viewtopic.php?p=680618#p680618
17686,[HRA] Zima přichází do Bouřného lesa,680622,Myrick Lysbærer,2023-09-15T13:37:33+00:00,topics/17686.md,https://rpgforum.cz/forum/viewtopic.php?p=680622#p680622
17686,[HRA] Zima přichází do Bouřného lesa,680639,Myrick Lysbærer,2023-09-15T21:11:06+00:00,topics/17686.md,https://rpgforum.cz/forum/viewtopic.php?p=680639#p680639
17686,[HRA] Zima přichází do Bouřného lesa,680664,Bjorn Olafsson,2023-09-16T23:52:51+00:00,topics/17686.md,https://rpgforum.cz/forum/viewtopic.php?p=680664#p680664
17686,[HRA] Zima přichází do Bouřného lesa,680669,Tristan Baldurson,2023-09-17T09:32:17+00:00,topics/17686.md,https://rpgforum.cz/forum/viewtopic.php?p=680669#p680669
17686,[HRA] Zima přichází do Bouřného lesa,680924,Myrick Lysbærer,2023-09-21T05:32:18+00:00,topics/17686.md,https://rpgforum.cz/forum/viewtopic.php?p=680924#p680924
17686,[HRA] Zima přichází do Bouřného lesa,681105,Myrick Lysbærer,2023-09-24T08:07:28+00:00,topics/17686.md,https://rpgforum.cz/forum/viewtopic.php?p=681105#p681105
17686,[HRA] Zima přichází do Bouřného lesa,681108,Myrick Lysbærer,2023-09-24T12:41:42+00:00,topics/17686.md,https://rpgforum.cz/forum/viewtopic.php?p=681108#p681108
17686,[HRA] Zima přichází do Bouřného lesa,681180,Tristan Baldurson,2023-09-26T09:23:05+00:00,topics/17686.md,https://rpgforum.cz/forum/viewtopic.php?p=681180#p681180
17686,[HRA] Zima přichází do Bouřného lesa,681192,Tristan Baldurson,2023-09-26T13:40:41+00:00,topics/17686.md,https://rpgforum.cz/forum/viewtopic.php?p=681192#p681192
17686,[HRA] Zima přichází do Bouřného lesa,681193,Myrick Lysbærer,2023-09-26T14:52:38+00:00,topics/17686.md,https://rpgforum.cz/forum/viewtopic.php?p=681193#p681193
17686,[HRA] Zima přichází do Bouřného lesa,681215,Tristan Baldurson,2023-09-27T11:23:43+00:00,topics/17686.md,https://rpgforum.cz/forum/viewtopic.php?p=681215#p681215
17686,[HRA] Zima přichází do Bouřného lesa,681220,Myrick Lysbærer,2023-09-27T13:13:15+00:00,topics/17686.md,https://rpgforum.cz/forum/viewtopic.php?p=681220#p681220
17686,[HRA] Zima přichází do Bouřného lesa,681225,Bjorn Olafsson,2023-09-27T21:21:28+00:00,topics/17686.md,https://rpgforum.cz/forum/viewtopic.php?p=681225#p681225
17686,[HRA] Zima přichází do Bouřného lesa,681265,Tristan Baldurson,2023-09-29T08:46:42+00:00,topics/17686.md,https://rpgforum.cz/forum/viewtopic.php?p=681265#p681265
17686,[HRA] Zima přichází do Bouřného lesa,681282,Myrick Lysbærer,2023-09-29T21:54:50+00:00,topics/17686.md,https://rpgforum.cz/forum/viewtopic.php?p=681282#p681282
17686,[HRA] Zima přichází do Bouřného lesa,681427,Myrick Lysbærer,2023-10-02T22:59:01+00:00,topics/17686.md,https://rpgforum.cz/forum/viewtopic.php?p=681427#p681427
17686,[HRA] Zima přichází do Bouřného lesa,681729,Myrick Lysbærer,2023-10-09T20:59:21+00:00,topics/17686.md,https://rpgforum.cz/forum/viewtopic.php?p=681729#p681729
17686,[HRA] Zima přichází do Bouřného lesa,682126,Myrick Lysbærer,2023-10-14T21:32:20+00:00,topics/17686.md,https://rpgforum.cz/forum/viewtopic.php?p=682126#p682126
17686,[HRA] Zima přichází do Bouřného lesa,682290,Myrick Lysbærer,2023-10-17T21:20:23+00:00,topics/17686.md,https://rpgforum.cz/forum/viewtopic.php?p=682290#p682290
17686,[HRA] Zima přichází do Bouřného lesa,682484,Orákulum,2023-10-20T14:02:30+00:00,topics/17686.md,https://rpgforum.cz/forum/viewtopic.php?p=682484#p682484
17686,[HRA] Zima přichází do Bouřného lesa,682629,Myrick Lysbærer,2023-10-25T08:03:42+00:00,topics/17686.md,https://rpgforum.cz/forum/viewtopic.php?p=682629#p682629
17686,[HRA] Zima přichází do Bouřného lesa,682732,Myrick Lysbærer,2023-10-26T22:25:11+00:00,topics/17686.md,https://rpgforum.cz/forum/viewtopic.php?p=682732#p682732
17686,[HRA] Zima přichází do Bouřného lesa,682829,Myrick Lysbærer,2023-10-28T21:20:23+00:00,topics/17686.md,https://rpgforum.cz/forum/viewtopic.php?p=682829#p682829
17686,[HRA] Zima přichází do Bouřného lesa,682830,Myrick Lysbærer,2023-10-28T21:41:01+00:00,topics/17686.md,https://rpgforum.cz/forum/viewtopic.php?p=682830#p682830
17686,[HRA] Zima přichází do Bouřného lesa,683039,Myrick Lysbærer,2023-10-31T17:50:54+00:00,topics/17686.md,https://rpgforum.cz/forum/viewtopic.php?p=683039#p683039
17686,[HRA] Zima přichází do Bouřného lesa,683287,Myrick Lysbærer,2023-11-05T21:55:49+00:00,topics/17686.md,https://rpgforum.cz/forum/viewtopic.php?p=683287#p683287
17686,[HRA] Zima přichází do Bouřného lesa,683320,Orákulum,2023-11-06T13:46:35+00:00,topics/17686.md,https://rpgforum.cz/forum/viewtopic.php?p=683320#p683320
17686,[HRA] Zima přichází do Bouřného lesa,683349,Myrick Lysbærer,2023-11-06T19:36:29+00:00,topics/17686.md,https://rpgforum.cz/forum/viewtopic.php?p=683349#p683349
17686,[HRA] Zima přichází do Bouřného lesa,683353,Myrick Lysbærer,2023-11-06T20:23:25+00:00,topics/17686.md,https://rpgforum.cz/forum/viewtopic.php?p=683353#p683353
17686,[HRA] Zima přichází do Bouřného lesa,683486,Myrick Lysbærer,2023-11-08T20:17:26+00:00,topics/17686.md,https://rpgforum.cz/forum/viewtopic.php?p=683486#p683486
17686,[HRA] Zima přichází do Bouřného lesa,683497,Orákulum,2023-11-08T21:45:53+00:00,topics/17686.md,https://rpgforum.cz/forum/viewtopic.php?p=683497#p683497
17686,[HRA] Zima přichází do Bouřného lesa,683560,Myrick Lysbærer,2023-11-09T14:44:40+00:00,topics/17686.md,https://rpgforum.cz/forum/viewtopic.php?p=683560#p683560
17686,[HRA] Zima přichází do Bouřného lesa,683595,Myrick Lysbærer,2023-11-09T21:12:17+00:00,topics/17686.md,https://rpgforum.cz/forum/viewtopic.php?p=683595#p683595
17686,[HRA] Zima přichází do Bouřného lesa,683719,Myrick Lysbærer,2023-11-12T14:38:47+00:00,topics/17686.md,https://rpgforum.cz/forum/viewtopic.php?p=683719#p683719
17686,[HRA] Zima přichází do Bouřného lesa,683801,Myrick Lysbærer,2023-11-14T00:19:03+00:00,topics/17686.md,https://rpgforum.cz/forum/viewtopic.php?p=683801#p683801
17686,[HRA] Zima přichází do Bouřného lesa,683836,Myrick Lysbærer,2023-11-14T20:51:50+00:00,topics/17686.md,https://rpgforum.cz/forum/viewtopic.php?p=683836#p683836
17686,[HRA] Zima přichází do Bouřného lesa,683902,Myrick Lysbærer,2023-11-16T09:05:48+00:00,topics/17686.md,https://rpgforum.cz/forum/viewtopic.php?p=683902#p683902
17686,[HRA] Zima přichází do Bouřného lesa,683923,Myrick Lysbærer,2023-11-16T14:31:12+00:00,topics/17686.md,https://rpgforum.cz/forum/viewtopic.php?p=683923#p683923
17686,[HRA] Zima přichází do Bouřného lesa,684035,Myrick Lysbærer,2023-11-18T20:34:06+00:00,topics/17686.md,https://rpgforum.cz/forum/viewtopic.php?p=684035#p684035
17686,[HRA] Zima přichází do Bouřného lesa,684209,Myrick Lysbærer,2023-11-21T21:06:03+00:00,topics/17686.md,https://rpgforum.cz/forum/viewtopic.php?p=684209#p684209
17686,[HRA] Zima přichází do Bouřného lesa,684393,Myrick Lysbærer,2023-11-25T22:46:26+00:00,topics/17686.md,https://rpgforum.cz/forum/viewtopic.php?p=684393#p684393
17686,[HRA] Zima přichází do Bouřného lesa,684662,Myrick Lysbærer,2023-11-30T23:14:54+00:00,topics/17686.md,https://rpgforum.cz/forum/viewtopic.php?p=684662#p684662
17686,[HRA] Zima přichází do Bouřného lesa,684842,Myrick Lysbærer,2023-12-04T09:45:37+00:00,topics/17686.md,https://rpgforum.cz/forum/viewtopic.php?p=684842#p684842
17686,[HRA] Zima přichází do Bouřného lesa,684850,Orákulum,2023-12-04T10:45:56+00:00,topics/17686.md,https://rpgforum.cz/forum/viewtopic.php?p=684850#p684850
17686,[HRA] Zima přichází do Bouřného lesa,684854,Myrick Lysbærer,2023-12-04T12:06:30+00:00,topics/17686.md,https://rpgforum.cz/forum/viewtopic.php?p=684854#p684854
17686,[HRA] Zima přichází do Bouřného lesa,684999,Myrick Lysbærer,2023-12-07T12:34:43+00:00,topics/17686.md,https://rpgforum.cz/forum/viewtopic.php?p=684999#p684999
17686,[HRA] Zima přichází do Bouřného lesa,685345,Myrick Lysbærer,2023-12-14T21:47:24+00:00,topics/17686.md,https://rpgforum.cz/forum/viewtopic.php?p=685345#p685345
17686,[HRA] Zima přichází do Bouřného lesa,686014,Myrick Lysbærer,2023-12-29T20:59:46+00:00,topics/17686.md,https://rpgforum.cz/forum/viewtopic.php?p=686014#p686014
17686,[HRA] Zima přichází do Bouřného lesa,686026,Myrick Lysbærer,2023-12-30T11:01:38+00:00,topics/17686.md,https://rpgforum.cz/forum/viewtopic.php?p=686026#p686026
17686,[HRA] Zima přichází do Bouřného lesa,686327,Myrick Lysbærer,2024-01-04T15:05:40+00:00,topics/17686.md,https://rpgforum.cz/forum/viewtopic.php?p=686327#p686327
17686,[HRA] Zima přichází do Bouřného lesa,686704,Myrick Lysbærer,2024-01-08T21:57:08+00:00,topics/17686.md,https://rpgforum.cz/forum/viewtopic.php?p=686704#p686704
17686,[HRA] Zima přichází do Bouřného lesa,687646,Myrick Lysbærer,2024-01-22T22:24:11+00:00,topics/17686.md,https://rpgforum.cz/forum/viewtopic.php?p=687646#p687646
17686,[HRA] Zima přichází do Bouřného lesa,687684,Orákulum,2024-01-23T17:25:47+00:00,topics/17686.md,https://rpgforum.cz/forum/viewtopic.php?p=687684#p687684
17686,[HRA] Zima přichází do Bouřného lesa,687693,Myrick Lysbærer,2024-01-24T05:59:36+00:00,topics/17686.md,https://rpgforum.cz/forum/viewtopic.php?p=687693#p687693
17686,[HRA] Zima přichází do Bouřného lesa,687746,Myrick Lysbærer,2024-01-25T06:59:26+00:00,topics/17686.md,https://rpgforum.cz/forum/viewtopic.php?p=687746#p687746
17686,[HRA] Zima přichází do Bouřného lesa,687797,Myrick Lysbærer,2024-01-25T17:24:12+00:00,topics/17686.md,https://rpgforum.cz/forum/viewtopic.php?p=687797#p687797
17686,[HRA] Zima přichází do Bouřného lesa,687951,Orákulum,2024-01-28T16:34:21+00:00,topics/17686.md,https://rpgforum.cz/forum/viewtopic.php?p=687951#p687951
17686,[HRA] Zima přichází do Bouřného lesa,688002,Myrick Lysbærer,2024-01-29T22:02:10+00:00,topics/17686.md,https://rpgforum.cz/forum/viewtopic.php?p=688002#p688002
17686,[HRA] Zima přichází do Bouřného lesa,688159,Myrick Lysbærer,2024-02-02T21:58:42+00:00,topics/17686.md,https://rpgforum.cz/forum/viewtopic.php?p=688159#p688159
17686,[HRA] Zima přichází do Bouřného lesa,688240,Myrick Lysbærer,2024-02-03T22:05:47+00:00,topics/17686.md,https://rpgforum.cz/forum/viewtopic.php?p=688240#p688240
17686,[HRA] Zima přichází do Bouřného lesa,688261,Myrick Lysbærer,2024-02-04T20:52:22+00:00,topics/17686.md,https://rpgforum.cz/forum/viewtopic.php?p=688261#p688261
17686,[HRA] Zima přichází do Bouřného lesa,688489,Orákulum,2024-02-08T22:00:00+00:00,topics/17686.md,https://rpgforum.cz/forum/viewtopic.php?p=688489#p688489
17686,[HRA] Zima přichází do Bouřného lesa,688495,Myrick Lysbærer,2024-02-08T22:41:04+00:00,topics/17686.md,https://rpgforum.cz/forum/viewtopic.php?p=688495#p688495
17686,[HRA] Zima přichází do Bouřného lesa,688649,Myrick Lysbærer,2024-02-09T20:10:52+00:00,topics/17686.md,https://rpgforum.cz/forum/viewtopic.php?p=688649#p688649
17686,[HRA] Zima přichází do Bouřného lesa,688835,Myrick Lysbærer,2024-02-13T11:27:57+00:00,topics/17686.md,https://rpgforum.cz/forum/viewtopic.php?p=688835#p688835
17686,[HRA] Zima přichází do Bouřného lesa,688846,Myrick Lysbærer,2024-02-13T14:14:17+00:00,topics/17686.md,https://rpgforum.cz/forum/viewtopic.php?p=688846#p688846
17686,[HRA] Zima přichází do Bouřného lesa,688847,Myrick Lysbærer,2024-02-13T14:17:01+00:00,topics/17686.md,https://rpgforum.cz/forum/viewtopic.php?p=688847#p688847
17686,[HRA] Zima přichází do Bouřného lesa,688851,Myrick Lysbærer,2024-02-13T15:13:55+00:00,topics/17686.md,https://rpgforum.cz/forum/viewtopic.php?p=688851#p688851
17686,[HRA] Zima přichází do Bouřného lesa,688874,Myrick Lysbærer,2024-02-13T23:38:57+00:00,topics/17686.md,https://rpgforum.cz/forum/viewtopic.php?p=688874#p688874
17686,[HRA] Zima přichází do Bouřného lesa,689159,Myrick Lysbærer,2024-02-16T21:49:04+00:00,topics/17686.md,https://rpgforum.cz/forum/viewtopic.php?p=689159#p689159
17686,[HRA] Zima přichází do Bouřného lesa,689180,Myrick Lysbærer,2024-02-17T12:22:48+00:00,topics/17686.md,https://rpgforum.cz/forum/viewtopic.php?p=689180#p689180
17686,[HRA] Zima přichází do Bouřného lesa,689267,Orákulum,2024-02-19T10:28:29+00:00,topics/17686.md,https://rpgforum.cz/forum/viewtopic.php?p=689267#p689267
17686,[HRA] Zima přichází do Bouřného lesa,689369,Myrick Lysbærer,2024-02-20T15:32:37+00:00,topics/17686.md,https://rpgforum.cz/forum/viewtopic.php?p=689369#p689369
17686,[HRA] Zima přichází do Bouřného lesa,689472,Myrick Lysbærer,2024-02-21T16:38:30+00:00,topics/17686.md,https://rpgforum.cz/forum/viewtopic.php?p=689472#p689472
17686,[HRA] Zima přichází do Bouřného lesa,689523,Myrick Lysbærer,2024-02-22T09:40:39+00:00,topics/17686.md,https://rpgforum.cz/forum/viewtopic.php?p=689523#p689523
17686,[HRA] Zima přichází do Bouřného lesa,689827,Myrick Lysbærer,2024-02-27T07:42:49+00:00,topics/17686.md,https://rpgforum.cz/forum/viewtopic.php?p=689827#p689827
17686,[HRA] Zima přichází do Bouřného lesa,689883,Myrick Lysbærer,2024-02-27T20:23:49+00:00,topics/17686.md,https://rpgforum.cz/forum/viewtopic.php?p=689883#p689883
17686,[HRA] Zima přichází do Bouřného lesa,689886,Myrick Lysbærer,2024-02-27T21:02:14+00:00,topics/17686.md,https://rpgforum.cz/forum/viewtopic.php?p=689886#p689886
17686,[HRA] Zima přichází do Bouřného lesa,689887,Myrick Lysbærer,2024-02-27T21:37:02+00:00,topics/17686.md,https://rpgforum.cz/forum/viewtopic.php?p=689887#p689887
17686,[HRA] Zima přichází do Bouřného lesa,689889,Tristan Baldurson,2024-02-27T22:06:37+00:00,topics/17686.md,https://rpgforum.cz/forum/viewtopic.php?p=689889#p689889
17686,[HRA] Zima přichází do Bouřného lesa,689891,Myrick Lysbærer,2024-02-27T22:47:02+00:00,topics/17686.md,https://rpgforum.cz/forum/viewtopic.php?p=689891#p689891
17686,[HRA] Zima přichází do Bouřného lesa,689933,Tristan Baldurson,2024-02-28T13:06:45+00:00,topics/17686.md,https://rpgforum.cz/forum/viewtopic.php?p=689933#p689933
17686,[HRA] Zima přichází do Bouřného lesa,689940,Myrick Lysbærer,2024-02-28T13:24:04+00:00,topics/17686.md,https://rpgforum.cz/forum/viewtopic.php?p=689940#p689940
17686,[HRA] Zima přichází do Bouřného lesa,689953,Tristan Baldurson,2024-02-28T14:12:20+00:00,topics/17686.md,https://rpgforum.cz/forum/viewtopic.php?p=689953#p689953
17686,[HRA] Zima přichází do Bouřného lesa,689980,Myrick Lysbærer,2024-02-28T22:35:44+00:00,topics/17686.md,https://rpgforum.cz/forum/viewtopic.php?p=689980#p689980
17686,[HRA] Zima přichází do Bouřného lesa,690015,Tristan Baldurson,2024-02-29T10:52:33+00:00,topics/17686.md,https://rpgforum.cz/forum/viewtopic.php?p=690015#p690015
17686,[HRA] Zima přichází do Bouřného lesa,690028,Myrick Lysbærer,2024-02-29T12:30:54+00:00,topics/17686.md,https://rpgforum.cz/forum/viewtopic.php?p=690028#p690028
17686,[HRA] Zima přichází do Bouřného lesa,690033,Tristan Baldurson,2024-02-29T13:00:27+00:00,topics/17686.md,https://rpgforum.cz/forum/viewtopic.php?p=690033#p690033
17686,[HRA] Zima přichází do Bouřného lesa,690083,Myrick Lysbærer,2024-02-29T19:35:14+00:00,topics/17686.md,https://rpgforum.cz/forum/viewtopic.php?p=690083#p690083
17686,[HRA] Zima přichází do Bouřného lesa,690208,Tristan Baldurson,2024-03-02T20:05:34+00:00,topics/17686.md,https://rpgforum.cz/forum/viewtopic.php?p=690208#p690208
17686,[HRA] Zima přichází do Bouřného lesa,690296,Myrick Lysbærer,2024-03-04T10:42:55+00:00,topics/17686.md,https://rpgforum.cz/forum/viewtopic.php?p=690296#p690296
17686,[HRA] Zima přichází do Bouřného lesa,690303,Tristan Baldurson,2024-03-04T11:49:28+00:00,topics/17686.md,https://rpgforum.cz/forum/viewtopic.php?p=690303#p690303
17686,[HRA] Zima přichází do Bouřného lesa,690340,Myrick Lysbærer,2024-03-04T22:46:36+00:00,topics/17686.md,https://rpgforum.cz/forum/viewtopic.php?p=690340#p690340
17686,[HRA] Zima přichází do Bouřného lesa,690355,Tristan Baldurson,2024-03-05T10:54:17+00:00,topics/17686.md,https://rpgforum.cz/forum/viewtopic.php?p=690355#p690355
17686,[HRA] Zima přichází do Bouřného lesa,690358,Myrick Lysbærer,2024-03-05T11:22:03+00:00,topics/17686.md,https://rpgforum.cz/forum/viewtopic.php?p=690358#p690358
17686,[HRA] Zima přichází do Bouřného lesa,690441,Tristan Baldurson,2024-03-06T11:41:20+00:00,topics/17686.md,https://rpgforum.cz/forum/viewtopic.php?p=690441#p690441
17686,[HRA] Zima přichází do Bouřného lesa,690446,Myrick Lysbærer,2024-03-06T11:58:54+00:00,topics/17686.md,https://rpgforum.cz/forum/viewtopic.php?p=690446#p690446
17686,[HRA] Zima přichází do Bouřného lesa,690477,Tristan Baldurson,2024-03-06T20:07:22+00:00,topics/17686.md,https://rpgforum.cz/forum/viewtopic.php?p=690477#p690477
17760,[HRA] Karmínová věž,681264,Tristan Baldurson,2023-09-29T08:44:51+00:00,topics/17760.md,https://rpgforum.cz/forum/viewtopic.php?p=681264#p681264
17760,[HRA] Karmínová věž,681268,Bjorn Olafsson,2023-09-29T10:58:06+00:00,topics/17760.md,https://rpgforum.cz/forum/viewtopic.php?p=681268#p681268
17760,[HRA] Karmínová věž,681273,Bjorn Olafsson,2023-09-29T13:31:19+00:00,topics/17760.md,https://rpgforum.cz/forum/viewtopic.php?p=681273#p681273
17760,[HRA] Karmínová věž,681275,Tristan Baldurson,2023-09-29T15:13:36+00:00,topics/17760.md,https://rpgforum.cz/forum/viewtopic.php?p=681275#p681275
17760,[HRA] Karmínová věž,681279,Bjorn Olafsson,2023-09-29T20:00:02+00:00,topics/17760.md,https://rpgforum.cz/forum/viewtopic.php?p=681279#p681279
17760,[HRA] Karmínová věž,681314,Tristan Baldurson,2023-09-30T21:54:02+00:00,topics/17760.md,https://rpgforum.cz/forum/viewtopic.php?p=681314#p681314
17760,[HRA] Karmínová věž,681349,Bjorn Olafsson,2023-10-01T18:29:38+00:00,topics/17760.md,https://rpgforum.cz/forum/viewtopic.php?p=681349#p681349
17760,[HRA] Karmínová věž,681380,Tristan Baldurson,2023-10-02T09:03:29+00:00,topics/17760.md,https://rpgforum.cz/forum/viewtopic.php?p=681380#p681380
17760,[HRA] Karmínová věž,681382,Bjorn Olafsson,2023-10-02T12:43:37+00:00,topics/17760.md,https://rpgforum.cz/forum/viewtopic.php?p=681382#p681382
17760,[HRA] Karmínová věž,681393,Tristan Baldurson,2023-10-02T13:50:56+00:00,topics/17760.md,https://rpgforum.cz/forum/viewtopic.php?p=681393#p681393
17760,[HRA] Karmínová věž,681470,Bjorn Olafsson,2023-10-03T14:05:54+00:00,topics/17760.md,https://rpgforum.cz/forum/viewtopic.php?p=681470#p681470
17760,[HRA] Karmínová věž,681482,Tristan Baldurson,2023-10-03T18:59:24+00:00,topics/17760.md,https://rpgforum.cz/forum/viewtopic.php?p=681482#p681482
17760,[HRA] Karmínová věž,681519,Bjorn Olafsson,2023-10-04T11:41:15+00:00,topics/17760.md,https://rpgforum.cz/forum/viewtopic.php?p=681519#p681519
17760,[HRA] Karmínová věž,681529,Tristan Baldurson,2023-10-04T13:50:43+00:00,topics/17760.md,https://rpgforum.cz/forum/viewtopic.php?p=681529#p681529
17760,[HRA] Karmínová věž,681547,Bjorn Olafsson,2023-10-05T11:12:19+00:00,topics/17760.md,https://rpgforum.cz/forum/viewtopic.php?p=681547#p681547
17760,[HRA] Karmínová věž,681572,Tristan Baldurson,2023-10-05T14:31:38+00:00,topics/17760.md,https://rpgforum.cz/forum/viewtopic.php?p=681572#p681572
17760,[HRA] Karmínová věž,681692,Bjorn Olafsson,2023-10-08T18:46:00+00:00,topics/17760.md,https://rpgforum.cz/forum/viewtopic.php?p=681692#p681692
17760,[HRA] Karmínová věž,681695,Tristan Baldurson,2023-10-08T19:44:22+00:00,topics/17760.md,https://rpgforum.cz/forum/viewtopic.php?p=681695#p681695
17760,[HRA] Karmínová věž,681710,Bjorn Olafsson,2023-10-09T09:34:39+00:00,topics/17760.md,https://rpgforum.cz/forum/viewtopic.php?p=681710#p681710
17760,[HRA] Karmínová věž,681711,Tristan Baldurson,2023-10-09T10:58:11+00:00,topics/17760.md,https://rpgforum.cz/forum/viewtopic.php?p=681711#p681711
17760,[HRA] Karmínová věž,681712,Bjorn Olafsson,2023-10-09T11:36:50+00:00,topics/17760.md,https://rpgforum.cz/forum/viewtopic.php?p=681712#p681712
17760,[HRA] Karmínová věž,681716,Tristan Baldurson,2023-10-09T13:43:01+00:00,topics/17760.md,https://rpgforum.cz/forum/viewtopic.php?p=681716#p681716
17760,[HRA] Karmínová věž,681718,Bjorn Olafsson,2023-10-09T14:02:54+00:00,topics/17760.md,https://rpgforum.cz/forum/viewtopic.php?p=681718#p681718
17760,[HRA] Karmínová věž,681738,Tristan Baldurson,2023-10-10T08:39:34+00:00,topics/17760.md,https://rpgforum.cz/forum/viewtopic.php?p=681738#p681738
17760,[HRA] Karmínová věž,681747,Bjorn Olafsson,2023-10-10T10:24:15+00:00,topics/17760.md,https://rpgforum.cz/forum/viewtopic.php?p=681747#p681747
17760,[HRA] Karmínová věž,681805,Tristan Baldurson,2023-10-10T16:19:39+00:00,topics/17760.md,https://rpgforum.cz/forum/viewtopic.php?p=681805#p681805
17760,[HRA] Karmínová věž,681824,Bjorn Olafsson,2023-10-10T20:23:00+00:00,topics/17760.md,https://rpgforum.cz/forum/viewtopic.php?p=681824#p681824
17760,[HRA] Karmínová věž,681848,Tristan Baldurson,2023-10-11T09:34:44+00:00,topics/17760.md,https://rpgforum.cz/forum/viewtopic.php?p=681848#p681848
17760,[HRA] Karmínová věž,682161,Bjorn Olafsson,2023-10-15T21:06:01+00:00,topics/17760.md,https://rpgforum.cz/forum/viewtopic.php?p=682161#p682161
17760,[HRA] Karmínová věž,682335,Tristan Baldurson,2023-10-18T14:02:53+00:00,topics/17760.md,https://rpgforum.cz/forum/viewtopic.php?p=682335#p682335
17760,[HRA] Karmínová věž,682515,Bjorn Olafsson,2023-10-22T09:11:56+00:00,topics/17760.md,https://rpgforum.cz/forum/viewtopic.php?p=682515#p682515
17760,[HRA] Karmínová věž,682558,Tristan Baldurson,2023-10-23T13:49:09+00:00,topics/17760.md,https://rpgforum.cz/forum/viewtopic.php?p=682558#p682558
17760,[HRA] Karmínová věž,682808,Bjorn Olafsson,2023-10-27T21:51:59+00:00,topics/17760.md,https://rpgforum.cz/forum/viewtopic.php?p=682808#p682808
17760,[HRA] Karmínová věž,682818,Tristan Baldurson,2023-10-28T12:58:52+00:00,topics/17760.md,https://rpgforum.cz/forum/viewtopic.php?p=682818#p682818
17760,[HRA] Karmínová věž,682819,Bjorn Olafsson,2023-10-28T13:45:47+00:00,topics/17760.md,https://rpgforum.cz/forum/viewtopic.php?p=682819#p682819
17760,[HRA] Karmínová věž,682821,Tristan Baldurson,2023-10-28T18:39:18+00:00,topics/17760.md,https://rpgforum.cz/forum/viewtopic.php?p=682821#p682821
17760,[HRA] Karmínová věž,682876,Bjorn Olafsson,2023-10-29T20:15:56+00:00,topics/17760.md,https://rpgforum.cz/forum/viewtopic.php?p=682876#p682876
17760,[HRA] Karmínová věž,682936,Tristan Baldurson,2023-10-30T13:24:52+00:00,topics/17760.md,https://rpgforum.cz/forum/viewtopic.php?p=682936#p682936
17760,[HRA] Karmínová věž,683049,Bjorn Olafsson,2023-10-31T21:31:04+00:00,topics/17760.md,https://rpgforum.cz/forum/viewtopic.php?p=683049#p683049
17760,[HRA] Karmínová věž,683091,Tristan Baldurson,2023-11-01T11:31:20+00:00,topics/17760.md,https://rpgforum.cz/forum/viewtopic.php?p=683091#p683091
17760,[HRA] Karmínová věž,683381,Bjorn Olafsson,2023-11-07T20:25:49+00:00,topics/17760.md,https://rpgforum.cz/forum/viewtopic.php?p=683381#p683381
17760,[HRA] Karmínová věž,683415,Tristan Baldurson,2023-11-08T10:37:36+00:00,topics/17760.md,https://rpgforum.cz/forum/viewtopic.php?p=683415#p683415
17760,[HRA] Karmínová věž,683720,Bjorn Olafsson,2023-11-12T15:53:30+00:00,topics/17760.md,https://rpgforum.cz/forum/viewtopic.php?p=683720#p683720
17760,[HRA] Karmínová věž,683794,Tristan Baldurson,2023-11-13T20:29:13+00:00,topics/17760.md,https://rpgforum.cz/forum/viewtopic.php?p=683794#p683794
17760,[HRA] Karmínová věž,683798,Bjorn Olafsson,2023-11-13T22:16:08+00:00,topics/17760.md,https://rpgforum.cz/forum/viewtopic.php?p=683798#p683798
17760,[HRA] Karmínová věž,683807,Tristan Baldurson,2023-11-14T09:47:03+00:00,topics/17760.md,https://rpgforum.cz/forum/viewtopic.php?p=683807#p683807
17760,[HRA] Karmínová věž,683808,Bjorn Olafsson,2023-11-14T10:05:58+00:00,topics/17760.md,https://rpgforum.cz/forum/viewtopic.php?p=683808#p683808
17760,[HRA] Karmínová věž,683813,Tristan Baldurson,2023-11-14T11:13:28+00:00,topics/17760.md,https://rpgforum.cz/forum/viewtopic.php?p=683813#p683813
17760,[HRA] Karmínová věž,683999,Bjorn Olafsson,2023-11-17T23:05:07+00:00,topics/17760.md,https://rpgforum.cz/forum/viewtopic.php?p=683999#p683999
17760,[HRA] Karmínová věž,684180,Tristan Baldurson,2023-11-21T10:46:18+00:00,topics/17760.md,https://rpgforum.cz/forum/viewtopic.php?p=684180#p684180
17760,[HRA] Karmínová věž,684387,Bjorn Olafsson,2023-11-25T21:37:04+00:00,topics/17760.md,https://rpgforum.cz/forum/viewtopic.php?p=684387#p684387
17760,[HRA] Karmínová věž,684390,Tristan Baldurson,2023-11-25T22:11:11+00:00,topics/17760.md,https://rpgforum.cz/forum/viewtopic.php?p=684390#p684390
17760,[HRA] Karmínová věž,684398,Tristan Baldurson,2023-11-26T09:05:47+00:00,topics/17760.md,https://rpgforum.cz/forum/viewtopic.php?p=684398#p684398
17760,[HRA] Karmínová věž,684408,Bjorn Olafsson,2023-11-26T21:38:19+00:00,topics/17760.md,https://rpgforum.cz/forum/viewtopic.php?p=684408#p684408
17760,[HRA] Karmínová věž,684426,Tristan Baldurson,2023-11-27T13:57:23+00:00,topics/17760.md,https://rpgforum.cz/forum/viewtopic.php?p=684426#p684426
17760,[HRA] Karmínová věž,684720,Bjorn Olafsson,2023-12-01T23:09:43+00:00,topics/17760.md,https://rpgforum.cz/forum/viewtopic.php?p=684720#p684720
17760,[HRA] Karmínová věž,684733,Tristan Baldurson,2023-12-02T11:10:07+00:00,topics/17760.md,https://rpgforum.cz/forum/viewtopic.php?p=684733#p684733
17760,[HRA] Karmínová věž,684760,Bjorn Olafsson,2023-12-02T23:16:55+00:00,topics/17760.md,https://rpgforum.cz/forum/viewtopic.php?p=684760#p684760
17760,[HRA] Karmínová věž,684762,Bjorn Olafsson,2023-12-02T23:28:48+00:00,topics/17760.md,https://rpgforum.cz/forum/viewtopic.php?p=684762#p684762
17760,[HRA] Karmínová věž,684799,Tristan Baldurson,2023-12-03T16:22:25+00:00,topics/17760.md,https://rpgforum.cz/forum/viewtopic.php?p=684799#p684799
17760,[HRA] Karmínová věž,684820,Bjorn Olafsson,2023-12-03T22:16:21+00:00,topics/17760.md,https://rpgforum.cz/forum/viewtopic.php?p=684820#p684820
17760,[HRA] Karmínová věž,684846,Tristan Baldurson,2023-12-04T10:24:59+00:00,topics/17760.md,https://rpgforum.cz/forum/viewtopic.php?p=684846#p684846
17760,[HRA] Karmínová věž,685287,Bjorn Olafsson,2023-12-13T18:24:47+00:00,topics/17760.md,https://rpgforum.cz/forum/viewtopic.php?p=685287#p685287
17760,[HRA] Karmínová věž,685331,Tristan Baldurson,2023-12-14T15:07:25+00:00,topics/17760.md,https://rpgforum.cz/forum/viewtopic.php?p=685331#p685331
17760,[HRA] Karmínová věž,685670,Bjorn Olafsson,2023-12-19T21:19:50+00:00,topics/17760.md,https://rpgforum.cz/forum/viewtopic.php?p=685670#p685670
17760,[HRA] Karmínová věž,685703,Tristan Baldurson,2023-12-20T13:51:30+00:00,topics/17760.md,https://rpgforum.cz/forum/viewtopic.php?p=685703#p685703
17760,[HRA] Karmínová věž,686372,Bjorn Olafsson,2024-01-05T09:20:58+00:00,topics/17760.md,https://rpgforum.cz/forum/viewtopic.php?p=686372#p686372
17760,[HRA] Karmínová věž,686664,Tristan Baldurson,2024-01-08T13:40:07+00:00,topics/17760.md,https://rpgforum.cz/forum/viewtopic.php?p=686664#p686664
17760,[HRA] Karmínová věž,687124,Bjorn Olafsson,2024-01-13T23:11:29+00:00,topics/17760.md,https://rpgforum.cz/forum/viewtopic.php?p=687124#p687124
17760,[HRA] Karmínová věž,687212,Tristan Baldurson,2024-01-15T15:52:26+00:00,topics/17760.md,https://rpgforum.cz/forum/viewtopic.php?p=687212#p687212
17760,[HRA] Karmínová věž,687647,Bjorn Olafsson,2024-01-22T22:26:09+00:00,topics/17760.md,https://rpgforum.cz/forum/viewtopic.php?p=687647#p687647
17760,[HRA] Karmínová věž,687690,Tristan Baldurson,2024-01-23T21:28:41+00:00,topics/17760.md,https://rpgforum.cz/forum/viewtopic.php?p=687690#p687690
17760,[HRA] Karmínová věž,687836,Bjorn Olafsson,2024-01-26T10:07:23+00:00,topics/17760.md,https://rpgforum.cz/forum/viewtopic.php?p=687836#p687836
17760,[HRA] Karmínová věž,687934,Tristan Baldurson,2024-01-27T17:04:12+00:00,topics/17760.md,https://rpgforum.cz/forum/viewtopic.php?p=687934#p687934
17760,[HRA] Karmínová věž,687939,Bjorn Olafsson,2024-01-27T22:15:54+00:00,topics/17760.md,https://rpgforum.cz/forum/viewtopic.php?p=687939#p687939
17760,[HRA] Karmínová věž,688053,Tristan Baldurson,2024-01-31T09:48:50+00:00,topics/17760.md,https://rpgforum.cz/forum/viewtopic.php?p=688053#p688053
17760,[HRA] Karmínová věž,688122,Bjorn Olafsson,2024-02-01T20:10:10+00:00,topics/17760.md,https://rpgforum.cz/forum/viewtopic.php?p=688122#p688122
17760,[HRA] Karmínová věž,688139,Bjorn Olafsson,2024-02-02T13:11:43+00:00,topics/17760.md,https://rpgforum.cz/forum/viewtopic.php?p=688139#p688139
17760,[HRA] Karmínová věž,688162,Bjorn Olafsson,2024-02-02T22:13:23+00:00,topics/17760.md,https://rpgforum.cz/forum/viewtopic.php?p=688162#p688162
17760,[HRA] Karmínová věž,688217,Tristan Baldurson,2024-02-03T17:06:47+00:00,topics/17760.md,https://rpgforum.cz/forum/viewtopic.php?p=688217#p688217
17760,[HRA] Karmínová věž,688246,Bjorn Olafsson,2024-02-03T23:20:32+00:00,topics/17760.md,https://rpgforum.cz/forum/viewtopic.php?p=688246#p688246
17760,[HRA] Karmínová věž,688257,Tristan Baldurson,2024-02-04T17:59:29+00:00,topics/17760.md,https://rpgforum.cz/forum/viewtopic.php?p=688257#p688257
17760,[HRA] Karmínová věž,688344,Bjorn Olafsson,2024-02-06T22:44:28+00:00,topics/17760.md,https://rpgforum.cz/forum/viewtopic.php?p=688344#p688344
17760,[HRA] Karmínová věž,688404,Bjorn Olafsson,2024-02-07T22:27:56+00:00,topics/17760.md,https://rpgforum.cz/forum/viewtopic.php?p=688404#p688404
17760,[HRA] Karmínová věž,688484,Tristan Baldurson,2024-02-08T21:32:24+00:00,topics/17760.md,https://rpgforum.cz/forum/viewtopic.php?p=688484#p688484
17760,[HRA] Karmínová věž,688597,Bjorn Olafsson,2024-02-09T14:20:20+00:00,topics/17760.md,https://rpgforum.cz/forum/viewtopic.php?p=688597#p688597
17760,[HRA] Karmínová věž,688670,Tristan Baldurson,2024-02-09T22:56:32+00:00,topics/17760.md,https://rpgforum.cz/forum/viewtopic.php?p=688670#p688670
17760,[HRA] Karmínová věž,688710,Bjorn Olafsson,2024-02-10T21:49:48+00:00,topics/17760.md,https://rpgforum.cz/forum/viewtopic.php?p=688710#p688710
17760,[HRA] Karmínová věž,688725,Orákulum,2024-02-11T15:46:54+00:00,topics/17760.md,https://rpgforum.cz/forum/viewtopic.php?p=688725#p688725
17760,[HRA] Karmínová věž,688726,Tristan Baldurson,2024-02-11T17:06:48+00:00,topics/17760.md,https://rpgforum.cz/forum/viewtopic.php?p=688726#p688726
17760,[HRA] Karmínová věž,688765,Bjorn Olafsson,2024-02-12T15:00:59+00:00,topics/17760.md,https://rpgforum.cz/forum/viewtopic.php?p=688765#p688765
17760,[HRA] Karmínová věž,688804,Tristan Baldurson,2024-02-12T22:38:50+00:00,topics/17760.md,https://rpgforum.cz/forum/viewtopic.php?p=688804#p688804
17760,[HRA] Karmínová věž,688857,Bjorn Olafsson,2024-02-13T17:10:06+00:00,topics/17760.md,https://rpgforum.cz/forum/viewtopic.php?p=688857#p688857
17760,[HRA] Karmínová věž,688960,Tristan Baldurson,2024-02-14T15:27:07+00:00,topics/17760.md,https://rpgforum.cz/forum/viewtopic.php?p=688960#p688960
17760,[HRA] Karmínová věž,688977,Orákulum,2024-02-14T17:29:28+00:00,topics/17760.md,https://rpgforum.cz/forum/viewtopic.php?p=688977#p688977
17760,[HRA] Karmínová věž,688978,Bjorn Olafsson,2024-02-14T17:37:21+00:00,topics/17760.md,https://rpgforum.cz/forum/viewtopic.php?p=688978#p688978
17760,[HRA] Karmínová věž,689010,Bjorn Olafsson,2024-02-15T09:40:35+00:00,topics/17760.md,https://rpgforum.cz/forum/viewtopic.php?p=689010#p689010
17760,[HRA] Karmínová věž,689030,Tristan Baldurson,2024-02-15T13:35:31+00:00,topics/17760.md,https://rpgforum.cz/forum/viewtopic.php?p=689030#p689030
17760,[HRA] Karmínová věž,689140,Bjorn Olafsson,2024-02-16T14:21:35+00:00,topics/17760.md,https://rpgforum.cz/forum/viewtopic.php?p=689140#p689140
17760,[HRA] Karmínová věž,689217,Tristan Baldurson,2024-02-18T14:07:39+00:00,topics/17760.md,https://rpgforum.cz/forum/viewtopic.php?p=689217#p689217
17760,[HRA] Karmínová věž,689322,Bjorn Olafsson,2024-02-19T20:50:20+00:00,topics/17760.md,https://rpgforum.cz/forum/viewtopic.php?p=689322#p689322
17760,[HRA] Karmínová věž,689428,Bjorn Olafsson,2024-02-21T09:37:35+00:00,topics/17760.md,https://rpgforum.cz/forum/viewtopic.php?p=689428#p689428
17760,[HRA] Karmínová věž,689495,Tristan Baldurson,2024-02-21T22:00:44+00:00,topics/17760.md,https://rpgforum.cz/forum/viewtopic.php?p=689495#p689495
17760,[HRA] Karmínová věž,689498,Bjorn Olafsson,2024-02-21T22:12:12+00:00,topics/17760.md,https://rpgforum.cz/forum/viewtopic.php?p=689498#p689498
17760,[HRA] Karmínová věž,689528,Tristan Baldurson,2024-02-22T10:20:11+00:00,topics/17760.md,https://rpgforum.cz/forum/viewtopic.php?p=689528#p689528
17760,[HRA] Karmínová věž,689538,Tristan Baldurson,2024-02-22T12:13:10+00:00,topics/17760.md,https://rpgforum.cz/forum/viewtopic.php?p=689538#p689538
17760,[HRA] Karmínová věž,689550,Bjorn Olafsson,2024-02-22T15:17:42+00:00,topics/17760.md,https://rpgforum.cz/forum/viewtopic.php?p=689550#p689550
17989,[HRA] Putování zimou,690479,Tristan Baldurson,2024-03-06T20:34:56+00:00,topics/17989.md,https://rpgforum.cz/forum/viewtopic.php?p=690479#p690479
17989,[HRA] Putování zimou,690498,Myrick Lysbærer,2024-03-07T18:57:38+00:00,topics/17989.md,https://rpgforum.cz/forum/viewtopic.php?p=690498#p690498
17989,[HRA] Putování zimou,690543,Myrick Lysbærer,2024-03-08T17:53:34+00:00,topics/17989.md,https://rpgforum.cz/forum/viewtopic.php?p=690543#p690543
17989,[HRA] Putování zimou,690552,Tristan Baldurson,2024-03-08T21:15:21+00:00,topics/17989.md,https://rpgforum.cz/forum/viewtopic.php?p=690552#p690552
17989,[HRA] Putování zimou,690564,Myrick Lysbærer,2024-03-09T06:09:26+00:00,topics/17989.md,https://rpgforum.cz/forum/viewtopic.php?p=690564#p690564
17989,[HRA] Putování zimou,690577,Tristan Baldurson,2024-03-09T12:14:40+00:00,topics/17989.md,https://rpgforum.cz/forum/viewtopic.php?p=690577#p690577
17989,[HRA] Putování zimou,690593,Tristan Baldurson,2024-03-09T16:47:19+00:00,topics/17989.md,https://rpgforum.cz/forum/viewtopic.php?p=690593#p690593
17989,[HRA] Putování zimou,690601,Myrick Lysbærer,2024-03-09T22:34:22+00:00,topics/17989.md,https://rpgforum.cz/forum/viewtopic.php?p=690601#p690601
17989,[HRA] Putování zimou,690619,Tristan Baldurson,2024-03-10T11:02:19+00:00,topics/17989.md,https://rpgforum.cz/forum/viewtopic.php?p=690619#p690619
17989,[HRA] Putování zimou,690638,Tristan Baldurson,2024-03-10T16:27:38+00:00,topics/17989.md,https://rpgforum.cz/forum/viewtopic.php?p=690638#p690638
17989,[HRA] Putování zimou,690671,Myrick Lysbærer,2024-03-10T22:03:30+00:00,topics/17989.md,https://rpgforum.cz/forum/viewtopic.php?p=690671#p690671
17989,[HRA] Putování zimou,690745,Tristan Baldurson,2024-03-11T15:33:51+00:00,topics/17989.md,https://rpgforum.cz/forum/viewtopic.php?p=690745#p690745
17989,[HRA] Putování zimou,690756,Myrick Lysbærer,2024-03-11T17:21:28+00:00,topics/17989.md,https://rpgforum.cz/forum/viewtopic.php?p=690756#p690756
17989,[HRA] Putování zimou,690757,Myrick Lysbærer,2024-03-11T17:41:44+00:00,topics/17989.md,https://rpgforum.cz/forum/viewtopic.php?p=690757#p690757
17989,[HRA] Putování zimou,690811,Tristan Baldurson,2024-03-12T15:04:55+00:00,topics/17989.md,https://rpgforum.cz/forum/viewtopic.php?p=690811#p690811
17989,[HRA] Putování zimou,690831,Myrick Lysbærer,2024-03-12T20:36:32+00:00,topics/17989.md,https://rpgforum.cz/forum/viewtopic.php?p=690831#p690831
17989,[HRA] Putování zimou,690832,Myrick Lysbærer,2024-03-12T21:10:07+00:00,topics/17989.md,https://rpgforum.cz/forum/viewtopic.php?p=690832#p690832
17989,[HRA] Putování zimou,690837,Tristan Baldurson,2024-03-13T08:52:08+00:00,topics/17989.md,https://rpgforum.cz/forum/viewtopic.php?p=690837#p690837
17989,[HRA] Putování zimou,690841,Myrick Lysbærer,2024-03-13T09:47:16+00:00,topics/17989.md,https://rpgforum.cz/forum/viewtopic.php?p=690841#p690841
17989,[HRA] Putování zimou,690843,Tristan Baldurson,2024-03-13T10:58:35+00:00,topics/17989.md,https://rpgforum.cz/forum/viewtopic.php?p=690843#p690843
17989,[HRA] Putování zimou,690921,Myrick Lysbærer,2024-03-14T22:15:40+00:00,topics/17989.md,https://rpgforum.cz/forum/viewtopic.php?p=690921#p690921
17989,[HRA] Putování zimou,691193,Myrick Lysbærer,2024-03-19T13:36:51+00:00,topics/17989.md,https://rpgforum.cz/forum/viewtopic.php?p=691193#p691193
17989,[HRA] Putování zimou,691257,Tristan Baldurson,2024-03-20T06:04:57+00:00,topics/17989.md,https://rpgforum.cz/forum/viewtopic.php?p=691257#p691257
17989,[HRA] Putování zimou,691353,Myrick Lysbærer,2024-03-21T12:01:16+00:00,topics/17989.md,https://rpgforum.cz/forum/viewtopic.php?p=691353#p691353
17989,[HRA] Putování zimou,691362,Myrick Lysbærer,2024-03-21T12:53:40+00:00,topics/17989.md,https://rpgforum.cz/forum/viewtopic.php?p=691362#p691362
17989,[HRA] Putování zimou,691407,Tristan Baldurson,2024-03-22T07:40:19+00:00,topics/17989.md,https://rpgforum.cz/forum/viewtopic.php?p=691407#p691407
17989,[HRA] Putování zimou,691477,Tristan Baldurson,2024-03-23T14:33:44+00:00,topics/17989.md,https://rpgforum.cz/forum/viewtopic.php?p=691477#p691477
17989,[HRA] Putování zimou,691492,Myrick Lysbærer,2024-03-23T18:58:29+00:00,topics/17989.md,https://rpgforum.cz/forum/viewtopic.php?p=691492#p691492
17989,[HRA] Putování zimou,691514,Myrick Lysbærer,2024-03-24T08:08:22+00:00,topics/17989.md,https://rpgforum.cz/forum/viewtopic.php?p=691514#p691514
17989,[HRA] Putování zimou,691577,Myrick Lysbærer,2024-03-24T21:53:01+00:00,topics/17989.md,https://rpgforum.cz/forum/viewtopic.php?p=691577#p691577
17989,[HRA] Putování zimou,691756,Tristan Baldurson,2024-03-28T04:06:20+00:00,topics/17989.md,https://rpgforum.cz/forum/viewtopic.php?p=691756#p691756
17989,[HRA] Putování zimou,691844,Myrick Lysbærer,2024-03-31T18:49:18+00:00,topics/17989.md,https://rpgforum.cz/forum/viewtopic.php?p=691844#p691844
17989,[HRA] Putování zimou,691890,Tristan Baldurson,2024-04-02T00:13:45+00:00,topics/17989.md,https://rpgforum.cz/forum/viewtopic.php?p=691890#p691890
17989,[HRA] Putování zimou,691947,Myrick Lysbærer,2024-04-02T20:25:14+00:00,topics/17989.md,https://rpgforum.cz/forum/viewtopic.php?p=691947#p691947
17989,[HRA] Putování zimou,692246,Tristan Baldurson,2024-04-07T14:14:54+00:00,topics/17989.md,https://rpgforum.cz/forum/viewtopic.php?p=692246#p692246
17989,[HRA] Putování zimou,692280,Myrick Lysbærer,2024-04-07T20:00:49+00:00,topics/17989.md,https://rpgforum.cz/forum/viewtopic.php?p=692280#p692280
17989,[HRA] Putování zimou,692282,Tristan Baldurson,2024-04-07T20:35:54+00:00,topics/17989.md,https://rpgforum.cz/forum/viewtopic.php?p=692282#p692282
17989,[HRA] Putování zimou,692283,Myrick Lysbærer,2024-04-07T20:43:10+00:00,topics/17989.md,https://rpgforum.cz/forum/viewtopic.php?p=692283#p692283
17989,[HRA] Putování zimou,692285,Tristan Baldurson,2024-04-07T20:51:27+00:00,topics/17989.md,https://rpgforum.cz/forum/viewtopic.php?p=692285#p692285
17989,[HRA] Putování zimou,692287,Myrick Lysbærer,2024-04-07T21:28:11+00:00,topics/17989.md,https://rpgforum.cz/forum/viewtopic.php?p=692287#p692287
17989,[HRA] Putování zimou,692506,Myrick Lysbærer,2024-04-10T20:07:14+00:00,topics/17989.md,https://rpgforum.cz/forum/viewtopic.php?p=692506#p692506
17989,[HRA] Putování zimou,692619,Tristan Baldurson,2024-04-11T20:00:07+00:00,topics/17989.md,https://rpgforum.cz/forum/viewtopic.php?p=692619#p692619
17989,[HRA] Putování zimou,692725,Myrick Lysbærer,2024-04-13T17:30:20+00:00,topics/17989.md,https://rpgforum.cz/forum/viewtopic.php?p=692725#p692725
17989,[HRA] Putování zimou,692873,Myrick Lysbærer,2024-04-15T21:49:19+00:00,topics/17989.md,https://rpgforum.cz/forum/viewtopic.php?p=692873#p692873
17989,[HRA] Putování zimou,693011,Tristan Baldurson,2024-04-17T09:53:50+00:00,topics/17989.md,https://rpgforum.cz/forum/viewtopic.php?p=693011#p693011
17989,[HRA] Putování zimou,693044,Tristan Baldurson,2024-04-17T12:12:14+00:00,topics/17989.md,https://rpgforum.cz/forum/viewtopic.php?p=693044#p693044
17989,[HRA] Putování zimou,693220,Myrick Lysbærer,2024-04-21T20:09:53+00:00,topics/17989.md,https://rpgforum.cz/forum/viewtopic.php?p=693220#p693220
17989,[HRA] Putování zimou,693280,Tristan Baldurson,2024-04-22T13:51:40+00:00,topics/17989.md,https://rpgforum.cz/forum/viewtopic.php?p=693280#p693280
17989,[HRA] Putování zimou,693422,Myrick Lysbærer,2024-04-23T19:28:02+00:00,topics/17989.md,https://rpgforum.cz/forum/viewtopic.php?p=693422#p693422
17989,[HRA] Putování zimou,693428,Tristan Baldurson,2024-04-23T20:07:56+00:00,topics/17989.md,https://rpgforum.cz/forum/viewtopic.php?p=693428#p693428
17989,[HRA] Putování zimou,693458,Myrick Lysbærer,2024-04-24T06:56:08+00:00,topics/17989.md,https://rpgforum.cz/forum/viewtopic.php?p=693458#p693458
17989,[HRA] Putování zimou,693471,Tristan Baldurson,2024-04-24T09:02:26+00:00,topics/17989.md,https://rpgforum.cz/forum/viewtopic.php?p=693471#p693471
17989,[HRA] Putování zimou,693625,Myrick Lysbærer,2024-04-25T19:16:08+00:00,topics/17989.md,https://rpgforum.cz/forum/viewtopic.php?p=693625#p693625
17989,[HRA] Putování zimou,693630,Myrick Lysbærer,2024-04-25T21:16:16+00:00,topics/17989.md,https://rpgforum.cz/forum/viewtopic.php?p=693630#p693630
17989,[HRA] Putování zimou,693716,Tristan Baldurson,2024-04-26T12:31:13+00:00,topics/17989.md,https://rpgforum.cz/forum/viewtopic.php?p=693716#p693716
17989,[HRA] Putování zimou,693789,Orákulum,2024-04-26T20:21:01+00:00,topics/17989.md,https://rpgforum.cz/forum/viewtopic.php?p=693789#p693789
17989,[HRA] Putování zimou,693803,Myrick Lysbærer,2024-04-27T05:07:50+00:00,topics/17989.md,https://rpgforum.cz/forum/viewtopic.php?p=693803#p693803
17989,[HRA] Putování zimou,693871,Tristan Baldurson,2024-04-29T10:00:26+00:00,topics/17989.md,https://rpgforum.cz/forum/viewtopic.php?p=693871#p693871
17989,[HRA] Putování zimou,693912,Myrick Lysbærer,2024-04-29T20:44:30+00:00,topics/17989.md,https://rpgforum.cz/forum/viewtopic.php?p=693912#p693912
17989,[HRA] Putování zimou,693976,Tristan Baldurson,2024-05-01T13:21:54+00:00,topics/17989.md,https://rpgforum.cz/forum/viewtopic.php?p=693976#p693976
17989,[HRA] Putování zimou,694122,Myrick Lysbærer,2024-05-03T23:30:38+00:00,topics/17989.md,https://rpgforum.cz/forum/viewtopic.php?p=694122#p694122
17989,[HRA] Putování zimou,694215,Tristan Baldurson,2024-05-06T13:22:55+00:00,topics/17989.md,https://rpgforum.cz/forum/viewtopic.php?p=694215#p694215
17989,[HRA] Putování zimou,694708,Myrick Lysbærer,2024-05-12T20:57:00+00:00,topics/17989.md,https://rpgforum.cz/forum/viewtopic.php?p=694708#p694708
17989,[HRA] Putování zimou,694749,Tristan Baldurson,2024-05-13T13:31:47+00:00,topics/17989.md,https://rpgforum.cz/forum/viewtopic.php?p=694749#p694749
17989,[HRA] Putování zimou,694886,Myrick Lysbærer,2024-05-16T04:42:13+00:00,topics/17989.md,https://rpgforum.cz/forum/viewtopic.php?p=694886#p694886
17989,[HRA] Putování zimou,694892,Myrick Lysbærer,2024-05-16T07:48:08+00:00,topics/17989.md,https://rpgforum.cz/forum/viewtopic.php?p=694892#p694892
17989,[HRA] Putování zimou,694896,Tristan Baldurson,2024-05-16T09:36:00+00:00,topics/17989.md,https://rpgforum.cz/forum/viewtopic.php?p=694896#p694896
17989,[HRA] Putování zimou,694911,Myrick Lysbærer,2024-05-16T19:55:25+00:00,topics/17989.md,https://rpgforum.cz/forum/viewtopic.php?p=694911#p694911
17989,[HRA] Putování zimou,694930,Tristan Baldurson,2024-05-17T10:19:49+00:00,topics/17989.md,https://rpgforum.cz/forum/viewtopic.php?p=694930#p694930
17989,[HRA] Putování zimou,695024,Myrick Lysbærer,2024-05-19T21:05:52+00:00,topics/17989.md,https://rpgforum.cz/forum/viewtopic.php?p=695024#p695024
17989,[HRA] Putování zimou,695035,Tristan Baldurson,2024-05-20T10:28:36+00:00,topics/17989.md,https://rpgforum.cz/forum/viewtopic.php?p=695035#p695035
17989,[HRA] Putování zimou,695081,Tristan Baldurson,2024-05-21T09:35:15+00:00,topics/17989.md,https://rpgforum.cz/forum/viewtopic.php?p=695081#p695081
17989,[HRA] Putování zimou,695595,Myrick Lysbærer,2024-06-01T20:42:06+00:00,topics/17989.md,https://rpgforum.cz/forum/viewtopic.php?p=695595#p695595
17989,[HRA] Putování zimou,695772,Tristan Baldurson,2024-06-04T09:26:08+00:00,topics/17989.md,https://rpgforum.cz/forum/viewtopic.php?p=695772#p695772
17989,[HRA] Putování zimou,695876,Myrick Lysbærer,2024-06-05T21:14:11+00:00,topics/17989.md,https://rpgforum.cz/forum/viewtopic.php?p=695876#p695876
17989,[HRA] Putování zimou,696228,Myrick Lysbærer,2024-06-11T14:02:15+00:00,topics/17989.md,https://rpgforum.cz/forum/viewtopic.php?p=696228#p696228
17989,[HRA] Putování zimou,696242,Myrick Lysbærer,2024-06-11T16:44:18+00:00,topics/17989.md,https://rpgforum.cz/forum/viewtopic.php?p=696242#p696242
17989,[HRA] Putování zimou,696354,Tristan Baldurson,2024-06-13T11:54:39+00:00,topics/17989.md,https://rpgforum.cz/forum/viewtopic.php?p=696354#p696354
17989,[HRA] Putování zimou,696373,Orákulum,2024-06-13T16:02:10+00:00,topics/17989.md,https://rpgforum.cz/forum/viewtopic.php?p=696373#p696373
17989,[HRA] Putování zimou,696508,Tristan Baldurson,2024-06-17T13:59:50+00:00,topics/17989.md,https://rpgforum.cz/forum/viewtopic.php?p=696508#p696508
17989,[HRA] Putování zimou,696654,Myrick Lysbærer,2024-06-20T20:53:33+00:00,topics/17989.md,https://rpgforum.cz/forum/viewtopic.php?p=696654#p696654
17989,[HRA] Putování zimou,696841,Myrick Lysbærer,2024-06-26T07:39:39+00:00,topics/17989.md,https://rpgforum.cz/forum/viewtopic.php?p=696841#p696841
17989,[HRA] Putování zimou,696847,Tristan Baldurson,2024-06-26T10:56:08+00:00,topics/17989.md,https://rpgforum.cz/forum/viewtopic.php?p=696847#p696847
17989,[HRA] Putování zimou,696848,Myrick Lysbærer,2024-06-26T10:59:54+00:00,topics/17989.md,https://rpgforum.cz/forum/viewtopic.php?p=696848#p696848
17989,[HRA] Putování zimou,696849,Tristan Baldurson,2024-06-26T11:14:24+00:00,topics/17989.md,https://rpgforum.cz/forum/viewtopic.php?p=696849#p696849
17989,[HRA] Putování zimou,696850,Myrick Lysbærer,2024-06-26T11:20:39+00:00,topics/17989.md,https://rpgforum.cz/forum/viewtopic.php?p=696850#p696850
17989,[HRA] Putování zimou,696858,Myrick Lysbærer,2024-06-26T12:53:21+00:00,topics/17989.md,https://rpgforum.cz/forum/viewtopic.php?p=696858#p696858
17989,[HRA] Putování zimou,696900,Tristan Baldurson,2024-06-27T10:38:20+00:00,topics/17989.md,https://rpgforum.cz/forum/viewtopic.php?p=696900#p696900
17989,[HRA] Putování zimou,696958,Myrick Lysbærer,2024-06-28T21:06:30+00:00,topics/17989.md,https://rpgforum.cz/forum/viewtopic.php?p=696958#p696958
17989,[HRA] Putování zimou,696966,Tristan Baldurson,2024-06-29T08:39:31+00:00,topics/17989.md,https://rpgforum.cz/forum/viewtopic.php?p=696966#p696966
17989,[HRA] Putování zimou,696969,Myrick Lysbærer,2024-06-29T09:59:45+00:00,topics/17989.md,https://rpgforum.cz/forum/viewtopic.php?p=696969#p696969
17989,[HRA] Putování zimou,696981,Tristan Baldurson,2024-06-30T08:57:42+00:00,topics/17989.md,https://rpgforum.cz/forum/viewtopic.php?p=696981#p696981
17989,[HRA] Putování zimou,697037,Myrick Lysbærer,2024-07-01T20:53:47+00:00,topics/17989.md,https://rpgforum.cz/forum/viewtopic.php?p=697037#p697037
17989,[HRA] Putování zimou,697045,Tristan Baldurson,2024-07-02T08:12:06+00:00,topics/17989.md,https://rpgforum.cz/forum/viewtopic.php?p=697045#p697045
17989,[HRA] Putování zimou,697067,Myrick Lysbærer,2024-07-02T21:17:04+00:00,topics/17989.md,https://rpgforum.cz/forum/viewtopic.php?p=697067#p697067
17989,[HRA] Putování zimou,697074,Tristan Baldurson,2024-07-03T11:57:38+00:00,topics/17989.md,https://rpgforum.cz/forum/viewtopic.php?p=697074#p697074
17989,[HRA] Putování zimou,697097,Myrick Lysbærer,2024-07-04T18:16:32+00:00,topics/17989.md,https://rpgforum.cz/forum/viewtopic.php?p=697097#p697097
17989,[HRA] Putování zimou,697216,Myrick Lysbærer,2024-07-08T18:01:44+00:00,topics/17989.md,https://rpgforum.cz/forum/viewtopic.php?p=697216#p697216
17989,[HRA] Putování zimou,697222,Tristan Baldurson,2024-07-08T22:03:10+00:00,topics/17989.md,https://rpgforum.cz/forum/viewtopic.php?p=697222#p697222
17989,[HRA] Putování zimou,697237,Tristan Baldurson,2024-07-09T08:54:19+00:00,topics/17989.md,https://rpgforum.cz/forum/viewtopic.php?p=697237#p697237
17989,[HRA] Putování zimou,697399,Myrick Lysbærer,2024-07-12T20:45:50+00:00,topics/17989.md,https://rpgforum.cz/forum/viewtopic.php?p=697399#p697399
17989,[HRA] Putování zimou,697419,Tristan Baldurson,2024-07-13T21:33:03+00:00,topics/17989.md,https://rpgforum.cz/forum/viewtopic.php?p=697419#p697419
17989,[HRA] Putování zimou,697465,Myrick Lysbærer,2024-07-14T18:09:26+00:00,topics/17989.md,https://rpgforum.cz/forum/viewtopic.php?p=697465#p697465
17989,[HRA] Putování zimou,697478,Myrick Lysbærer,2024-07-15T08:42:47+00:00,topics/17989.md,https://rpgforum.cz/forum/viewtopic.php?p=697478#p697478
17989,[HRA] Putování zimou,697523,Tristan Baldurson,2024-07-16T16:13:25+00:00,topics/17989.md,https://rpgforum.cz/forum/viewtopic.php?p=697523#p697523
17989,[HRA] Putování zimou,697755,Tristan Baldurson,2024-07-22T14:51:53+00:00,topics/17989.md,https://rpgforum.cz/forum/viewtopic.php?p=697755#p697755
17989,[HRA] Putování zimou,697803,Myrick Lysbærer,2024-07-23T11:19:22+00:00,topics/17989.md,https://rpgforum.cz/forum/viewtopic.php?p=697803#p697803
17989,[HRA] Putování zimou,697807,Tristan Baldurson,2024-07-23T13:00:55+00:00,topics/17989.md,https://rpgforum.cz/forum/viewtopic.php?p=697807#p697807
17989,[HRA] Putování zimou,697843,Myrick Lysbærer,2024-07-24T11:43:58+00:00,topics/17989.md,https://rpgforum.cz/forum/viewtopic.php?p=697843#p697843
17989,[HRA] Putování zimou,697847,Tristan Baldurson,2024-07-25T08:49:46+00:00,topics/17989.md,https://rpgforum.cz/forum/viewtopic.php?p=697847#p697847
17989,[HRA] Putování zimou,697850,Myrick Lysbærer,2024-07-25T18:05:25+00:00,topics/17989.md,https://rpgforum.cz/forum/viewtopic.php?p=697850#p697850
17989,[HRA] Putování zimou,697890,Orákulum,2024-07-29T08:55:49+00:00,topics/17989.md,https://rpgforum.cz/forum/viewtopic.php?p=697890#p697890
17989,[HRA] Putování zimou,697912,Myrick Lysbærer,2024-07-29T20:40:44+00:00,topics/17989.md,https://rpgforum.cz/forum/viewtopic.php?p=697912#p697912
17989,[HRA] Putování zimou,697963,Tristan Baldurson,2024-07-30T22:02:22+00:00,topics/17989.md,https://rpgforum.cz/forum/viewtopic.php?p=697963#p697963
17989,[HRA] Putování zimou,698044,Myrick Lysbærer,2024-08-01T20:38:06+00:00,topics/17989.md,https://rpgforum.cz/forum/viewtopic.php?p=698044#p698044
17989,[HRA] Putování zimou,698142,Myrick Lysbærer,2024-08-07T20:57:55+00:00,topics/17989.md,https://rpgforum.cz/forum/viewtopic.php?p=698142#p698142
17989,[HRA] Putování zimou,698164,Tristan Baldurson,2024-08-08T17:51:34+00:00,topics/17989.md,https://rpgforum.cz/forum/viewtopic.php?p=698164#p698164
17989,[HRA] Putování zimou,698241,Myrick Lysbærer,2024-08-12T19:50:20+00:00,topics/17989.md,https://rpgforum.cz/forum/viewtopic.php?p=698241#p698241
17989,[HRA] Putování zimou,698288,Tristan Baldurson,2024-08-14T14:35:11+00:00,topics/17989.md,https://rpgforum.cz/forum/viewtopic.php?p=698288#p698288
17989,[HRA] Putování zimou,698354,Myrick Lysbærer,2024-08-17T08:09:45+00:00,topics/17989.md,https://rpgforum.cz/forum/viewtopic.php?p=698354#p698354
17989,[HRA] Putování zimou,698359,Tristan Baldurson,2024-08-17T08:38:08+00:00,topics/17989.md,https://rpgforum.cz/forum/viewtopic.php?p=698359#p698359
17989,[HRA] Putování zimou,698441,Myrick Lysbærer,2024-08-20T14:10:47+00:00,topics/17989.md,https://rpgforum.cz/forum/viewtopic.php?p=698441#p698441
17989,[HRA] Putování zimou,698445,Tristan Baldurson,2024-08-20T15:18:09+00:00,topics/17989.md,https://rpgforum.cz/forum/viewtopic.php?p=698445#p698445
17989,[HRA] Putování zimou,698448,Myrick Lysbærer,2024-08-20T19:03:28+00:00,topics/17989.md,https://rpgforum.cz/forum/viewtopic.php?p=698448#p698448
17989,[HRA] Putování zimou,698469,Myrick Lysbærer,2024-08-21T12:27:11+00:00,topics/17989.md,https://rpgforum.cz/forum/viewtopic.php?p=698469#p698469
17989,[HRA] Putování zimou,698471,Tristan Baldurson,2024-08-21T14:12:36+00:00,topics/17989.md,https://rpgforum.cz/forum/viewtopic.php?p=698471#p698471
17989,[HRA] Putování zimou,698535,Myrick Lysbærer,2024-08-22T12:39:51+00:00,topics/17989.md,https://rpgforum.cz/forum/viewtopic.php?p=698535#p698535
17989,[HRA] Putování zimou,698620,Tristan Baldurson,2024-08-25T14:51:38+00:00,topics/17989.md,https://rpgforum.cz/forum/viewtopic.php?p=698620#p698620
17989,[HRA] Putování zimou,698633,Myrick Lysbærer,2024-08-26T09:51:15+00:00,topics/17989.md,https://rpgforum.cz/forum/viewtopic.php?p=698633#p698633
17989,[HRA] Putování zimou,698634,Tristan Baldurson,2024-08-26T12:47:42+00:00,topics/17989.md,https://rpgforum.cz/forum/viewtopic.php?p=698634#p698634
17989,[HRA] Putování zimou,698659,Myrick Lysbærer,2024-08-27T08:37:19+00:00,topics/17989.md,https://rpgforum.cz/forum/viewtopic.php?p=698659#p698659
17989,[HRA] Putování zimou,698674,Tristan Baldurson,2024-08-27T14:58:03+00:00,topics/17989.md,https://rpgforum.cz/forum/viewtopic.php?p=698674#p698674
17989,[HRA] Putování zimou,698700,Tristan Baldurson,2024-08-28T08:25:55+00:00,topics/17989.md,https://rpgforum.cz/forum/viewtopic.php?p=698700#p698700
17989,[HRA] Putování zimou,698962,Myrick Lysbærer,2024-09-04T04:48:30+00:00,topics/17989.md,https://rpgforum.cz/forum/viewtopic.php?p=698962#p698962
17989,[HRA] Putování zimou,698968,Tristan Baldurson,2024-09-04T08:14:52+00:00,topics/17989.md,https://rpgforum.cz/forum/viewtopic.php?p=698968#p698968
17989,[HRA] Putování zimou,698986,Myrick Lysbærer,2024-09-04T19:11:26+00:00,topics/17989.md,https://rpgforum.cz/forum/viewtopic.php?p=698986#p698986
17989,[HRA] Putování zimou,699024,Tristan Baldurson,2024-09-05T18:40:44+00:00,topics/17989.md,https://rpgforum.cz/forum/viewtopic.php?p=699024#p699024
17989,[HRA] Putování zimou,699027,Myrick Lysbærer,2024-09-05T21:16:13+00:00,topics/17989.md,https://rpgforum.cz/forum/viewtopic.php?p=699027#p699027
17989,[HRA] Putování zimou,699153,Myrick Lysbærer,2024-09-07T05:07:26+00:00,topics/17989.md,https://rpgforum.cz/forum/viewtopic.php?p=699153#p699153
17989,[HRA] Putování zimou,699363,Tristan Baldurson,2024-09-10T09:27:15+00:00,topics/17989.md,https://rpgforum.cz/forum/viewtopic.php?p=699363#p699363
17989,[HRA] Putování zimou,699418,Myrick Lysbærer,2024-09-12T04:55:04+00:00,topics/17989.md,https://rpgforum.cz/forum/viewtopic.php?p=699418#p699418
17989,[HRA] Putování zimou,699539,Tristan Baldurson,2024-09-13T16:09:17+00:00,topics/17989.md,https://rpgforum.cz/forum/viewtopic.php?p=699539#p699539
17989,[HRA] Putování zimou,699545,Tristan Baldurson,2024-09-13T18:15:37+00:00,topics/17989.md,https://rpgforum.cz/forum/viewtopic.php?p=699545#p699545
17989,[HRA] Putování zimou,699565,Myrick Lysbærer,2024-09-14T06:13:20+00:00,topics/17989.md,https://rpgforum.cz/forum/viewtopic.php?p=699565#p699565
17989,[HRA] Putování zimou,699567,Tristan Baldurson,2024-09-14T09:04:38+00:00,topics/17989.md,https://rpgforum.cz/forum/viewtopic.php?p=699567#p699567
17989,[HRA] Putování zimou,699587,Tristan Baldurson,2024-09-14T20:19:40+00:00,topics/17989.md,https://rpgforum.cz/forum/viewtopic.php?p=699587#p699587
17989,[HRA] Putování zimou,699731,Myrick Lysbærer,2024-09-18T09:28:29+00:00,topics/17989.md,https://rpgforum.cz/forum/viewtopic.php?p=699731#p699731
17989,[HRA] Putování zimou,699736,Myrick Lysbærer,2024-09-18T10:19:35+00:00,topics/17989.md,https://rpgforum.cz/forum/viewtopic.php?p=699736#p699736
17989,[HRA] Putování zimou,699755,Tristan Baldurson,2024-09-18T14:49:20+00:00,topics/17989.md,https://rpgforum.cz/forum/viewtopic.php?p=699755#p699755
17989,[HRA] Putování zimou,699808,Myrick Lysbærer,2024-09-19T19:57:58+00:00,topics/17989.md,https://rpgforum.cz/forum/viewtopic.php?p=699808#p699808
17989,[HRA] Putování zimou,699880,Myrick Lysbærer,2024-09-20T20:46:43+00:00,topics/17989.md,https://rpgforum.cz/forum/viewtopic.php?p=699880#p699880
17989,[HRA] Putování zimou,699887,Tristan Baldurson,2024-09-20T22:38:50+00:00,topics/17989.md,https://rpgforum.cz/forum/viewtopic.php?p=699887#p699887
17989,[HRA] Putování zimou,700118,Myrick Lysbærer,2024-09-24T20:05:26+00:00,topics/17989.md,https://rpgforum.cz/forum/viewtopic.php?p=700118#p700118
17989,[HRA] Putování zimou,700169,Tristan Baldurson,2024-09-25T12:26:30+00:00,topics/17989.md,https://rpgforum.cz/forum/viewtopic.php?p=700169#p700169
17989,[HRA] Putování zimou,700422,Myrick Lysbærer,2024-09-30T18:52:19+00:00,topics/17989.md,https://rpgforum.cz/forum/viewtopic.php?p=700422#p700422
17989,[HRA] Putování zimou,700440,Tristan Baldurson,2024-10-01T09:59:48+00:00,topics/17989.md,https://rpgforum.cz/forum/viewtopic.php?p=700440#p700440
17989,[HRA] Putování zimou,700490,Myrick Lysbærer,2024-10-02T17:37:09+00:00,topics/17989.md,https://rpgforum.cz/forum/viewtopic.php?p=700490#p700490
17989,[HRA] Putování zimou,700555,Tristan Baldurson,2024-10-03T10:12:21+00:00,topics/17989.md,https://rpgforum.cz/forum/viewtopic.php?p=700555#p700555
17989,[HRA] Putování zimou,700566,Myrick Lysbærer,2024-10-03T13:54:29+00:00,topics/17989.md,https://rpgforum.cz/forum/viewtopic.php?p=700566#p700566
17989,[HRA] Putování zimou,700795,Myrick Lysbærer,2024-10-07T09:49:11+00:00,topics/17989.md,https://rpgforum.cz/forum/viewtopic.php?p=700795#p700795
17989,[HRA] Putování zimou,700909,Tristan Baldurson,2024-10-08T15:24:58+00:00,topics/17989.md,https://rpgforum.cz/forum/viewtopic.php?p=700909#p700909
17989,[HRA] Putování zimou,701258,Myrick Lysbærer,2024-10-13T18:55:14+00:00,topics/17989.md,https://rpgforum.cz/forum/viewtopic.php?p=701258#p701258
17989,[HRA] Putování zimou,701291,Tristan Baldurson,2024-10-14T14:20:58+00:00,topics/17989.md,https://rpgforum.cz/forum/viewtopic.php?p=701291#p701291
17989,[HRA] Putování zimou,701498,Myrick Lysbærer,2024-10-17T19:14:24+00:00,topics/17989.md,https://rpgforum.cz/forum/viewtopic.php?p=701498#p701498
17989,[HRA] Putování zimou,701507,Myrick Lysbærer,2024-10-17T21:54:55+00:00,topics/17989.md,https://rpgforum.cz/forum/viewtopic.php?p=701507#p701507
17989,[HRA] Putování zimou,701518,Tristan Baldurson,2024-10-18T13:14:18+00:00,topics/17989.md,https://rpgforum.cz/forum/viewtopic.php?p=701518#p701518
17989,[HRA] Putování zimou,701556,Myrick Lysbærer,2024-10-20T15:27:43+00:00,topics/17989.md,https://rpgforum.cz/forum/viewtopic.php?p=701556#p701556
17989,[HRA] Putování zimou,701629,Tristan Baldurson,2024-10-22T10:08:09+00:00,topics/17989.md,https://rpgforum.cz/forum/viewtopic.php?p=701629#p701629
17989,[HRA] Putování zimou,701667,Myrick Lysbærer,2024-10-22T21:45:05+00:00,topics/17989.md,https://rpgforum.cz/forum/viewtopic.php?p=701667#p701667
17989,[HRA] Putování zimou,701669,Tristan Baldurson,2024-10-23T08:30:43+00:00,topics/17989.md,https://rpgforum.cz/forum/viewtopic.php?p=701669#p701669
17989,[HRA] Putování zimou,701726,Myrick Lysbærer,2024-10-24T18:39:22+00:00,topics/17989.md,https://rpgforum.cz/forum/viewtopic.php?p=701726#p701726
17989,[HRA] Putování zimou,701729,Tristan Baldurson,2024-10-24T19:00:25+00:00,topics/17989.md,https://rpgforum.cz/forum/viewtopic.php?p=701729#p701729
17989,[HRA] Putování zimou,701806,Myrick Lysbærer,2024-10-26T09:53:10+00:00,topics/17989.md,https://rpgforum.cz/forum/viewtopic.php?p=701806#p701806
17989,[HRA] Putování zimou,701842,Myrick Lysbærer,2024-10-27T11:50:59+00:00,topics/17989.md,https://rpgforum.cz/forum/viewtopic.php?p=701842#p701842
17989,[HRA] Putování zimou,701846,Tristan Baldurson,2024-10-27T14:21:15+00:00,topics/17989.md,https://rpgforum.cz/forum/viewtopic.php?p=701846#p701846
17989,[HRA] Putování zimou,701929,Myrick Lysbærer,2024-10-30T12:13:05+00:00,topics/17989.md,https://rpgforum.cz/forum/viewtopic.php?p=701929#p701929
17989,[HRA] Putování zimou,702025,Tristan Baldurson,2024-10-31T13:44:05+00:00,topics/17989.md,https://rpgforum.cz/forum/viewtopic.php?p=702025#p702025
17989,[HRA] Putování zimou,702103,Myrick Lysbærer,2024-11-01T09:43:37+00:00,topics/17989.md,https://rpgforum.cz/forum/viewtopic.php?p=702103#p702103
17989,[HRA] Putování zimou,702105,Myrick Lysbærer,2024-11-01T10:18:50+00:00,topics/17989.md,https://rpgforum.cz/forum/viewtopic.php?p=702105#p702105
17989,[HRA] Putování zimou,702108,Myrick Lysbærer,2024-11-01T11:48:52+00:00,topics/17989.md,https://rpgforum.cz/forum/viewtopic.php?p=702108#p702108
17989,[HRA] Putování zimou,702120,Tristan Baldurson,2024-11-01T17:28:45+00:00,topics/17989.md,https://rpgforum.cz/forum/viewtopic.php?p=702120#p702120
17989,[HRA] Putování zimou,702386,Myrick Lysbærer,2024-11-07T09:01:31+00:00,topics/17989.md,https://rpgforum.cz/forum/viewtopic.php?p=702386#p702386
17989,[HRA] Putování zimou,702390,Tristan Baldurson,2024-11-07T10:18:25+00:00,topics/17989.md,https://rpgforum.cz/forum/viewtopic.php?p=702390#p702390
17989,[HRA] Putování zimou,702614,Myrick Lysbærer,2024-11-10T17:32:34+00:00,topics/17989.md,https://rpgforum.cz/forum/viewtopic.php?p=702614#p702614
17989,[HRA] Putování zimou,702719,Myrick Lysbærer,2024-11-13T11:13:09+00:00,topics/17989.md,https://rpgforum.cz/forum/viewtopic.php?p=702719#p702719
17989,[HRA] Putování zimou,702784,Tristan Baldurson,2024-11-14T14:48:57+00:00,topics/17989.md,https://rpgforum.cz/forum/viewtopic.php?p=702784#p702784
17989,[HRA] Putování zimou,703260,Myrick Lysbærer,2024-11-26T23:40:49+00:00,topics/17989.md,https://rpgforum.cz/forum/viewtopic.php?p=703260#p703260
17989,[HRA] Putování zimou,703575,Tristan Baldurson,2024-12-02T18:01:34+00:00,topics/17989.md,https://rpgforum.cz/forum/viewtopic.php?p=703575#p703575
17989,[HRA] Putování zimou,704059,Myrick Lysbærer,2024-12-11T21:39:22+00:00,topics/17989.md,https://rpgforum.cz/forum/viewtopic.php?p=704059#p704059
17989,[HRA] Putování zimou,704273,Tristan Baldurson,2024-12-17T13:25:51+00:00,topics/17989.md,https://rpgforum.cz/forum/viewtopic.php?p=704273#p704273
17989,[HRA] Putování zimou,704557,Myrick Lysbærer,2024-12-20T21:39:25+00:00,topics/17989.md,https://rpgforum.cz/forum/viewtopic.php?p=704557#p704557
17989,[HRA] Putování zimou,704610,Tristan Baldurson,2024-12-21T16:48:37+00:00,topics/17989.md,https://rpgforum.cz/forum/viewtopic.php?p=704610#p704610
17989,[HRA] Putování zimou,704802,Myrick Lysbærer,2024-12-28T14:30:23+00:00,topics/17989.md,https://rpgforum.cz/forum/viewtopic.php?p=704802#p704802
17989,[HRA] Putování zimou,705020,Tristan Baldurson,2025-01-02T17:25:36+00:00,topics/17989.md,https://rpgforum.cz/forum/viewtopic.php?p=705020#p705020
17989,[HRA] Putování zimou,705052,Myrick Lysbærer,2025-01-03T08:38:15+00:00,topics/17989.md,https://rpgforum.cz/forum/viewtopic.php?p=705052#p705052
17989,[HRA] Putování zimou,705054,Myrick Lysbærer,2025-01-03T08:52:08+00:00,topics/17989.md,https://rpgforum.cz/forum/viewtopic.php?p=705054#p705054
17989,[HRA] Putování zimou,705245,Tristan Baldurson,2025-01-07T13:35:41+00:00,topics/17989.md,https://rpgforum.cz/forum/viewtopic.php?p=705245#p705245
17989,[HRA] Putování zimou,705250,Myrick Lysbærer,2025-01-07T14:51:37+00:00,topics/17989.md,https://rpgforum.cz/forum/viewtopic.php?p=705250#p705250
17989,[HRA] Putování zimou,705276,Tristan Baldurson,2025-01-08T09:56:16+00:00,topics/17989.md,https://rpgforum.cz/forum/viewtopic.php?p=705276#p705276
17989,[HRA] Putování zimou,705291,Myrick Lysbærer,2025-01-08T15:43:47+00:00,topics/17989.md,https://rpgforum.cz/forum/viewtopic.php?p=705291#p705291
17989,[HRA] Putování zimou,705511,Tristan Baldurson,2025-01-13T17:52:00+00:00,topics/17989.md,https://rpgforum.cz/forum/viewtopic.php?p=705511#p705511
17989,[HRA] Putování zimou,705529,Myrick Lysbærer,2025-01-14T09:56:32+00:00,topics/17989.md,https://rpgforum.cz/forum/viewtopic.php?p=705529#p705529
17989,[HRA] Putování zimou,705831,Tristan Baldurson,2025-01-17T19:09:09+00:00,topics/17989.md,https://rpgforum.cz/forum/viewtopic.php?p=705831#p705831
17989,[HRA] Putování zimou,705834,Myrick Lysbærer,2025-01-17T21:19:59+00:00,topics/17989.md,https://rpgforum.cz/forum/viewtopic.php?p=705834#p705834
17989,[HRA] Putování zimou,705837,Tristan Baldurson,2025-01-17T22:43:22+00:00,topics/17989.md,https://rpgforum.cz/forum/viewtopic.php?p=705837#p705837
17989,[HRA] Putování zimou,705983,Myrick Lysbærer,2025-01-21T12:54:59+00:00,topics/17989.md,https://rpgforum.cz/forum/viewtopic.php?p=705983#p705983
17989,[HRA] Putování zimou,706011,Tristan Baldurson,2025-01-22T20:29:41+00:00,topics/17989.md,https://rpgforum.cz/forum/viewtopic.php?p=706011#p706011
17989,[HRA] Putování zimou,706652,Myrick Lysbærer,2025-02-02T22:31:51+00:00,topics/17989.md,https://rpgforum.cz/forum/viewtopic.php?p=706652#p706652
17989,[HRA] Putování zimou,706922,Tristan Baldurson,2025-02-07T17:18:24+00:00,topics/17989.md,https://rpgforum.cz/forum/viewtopic.php?p=706922#p706922
17989,[HRA] Putování zimou,706966,Myrick Lysbærer,2025-02-09T14:37:18+00:00,topics/17989.md,https://rpgforum.cz/forum/viewtopic.php?p=706966#p706966
17989,[HRA] Putování zimou,707228,Tristan Baldurson,2025-02-18T10:46:25+00:00,topics/17989.md,https://rpgforum.cz/forum/viewtopic.php?p=707228#p707228
17989,[HRA] Putování zimou,707253,Myrick Lysbærer,2025-02-20T12:32:26+00:00,topics/17989.md,https://rpgforum.cz/forum/viewtopic.php?p=707253#p707253
17989,[HRA] Putování zimou,707262,Tristan Baldurson,2025-02-20T14:56:09+00:00,topics/17989.md,https://rpgforum.cz/forum/viewtopic.php?p=707262#p707262
17989,[HRA] Putování zimou,707264,Myrick Lysbærer,2025-02-20T17:41:49+00:00,topics/17989.md,https://rpgforum.cz/forum/viewtopic.php?p=707264#p707264
17989,[HRA] Putování zimou,707377,Tristan Baldurson,2025-02-24T14:08:35+00:00,topics/17989.md,https://rpgforum.cz/forum/viewtopic.php?p=707377#p707377
17989,[HRA] Putování zimou,707383,Myrick Lysbærer,2025-02-24T15:56:38+00:00,topics/17989.md,https://rpgforum.cz/forum/viewtopic.php?p=707383#p707383
17989,[HRA] Putování zimou,707446,Tristan Baldurson,2025-02-26T10:30:34+00:00,topics/17989.md,https://rpgforum.cz/forum/viewtopic.php?p=707446#p707446
17989,[HRA] Putování zimou,707452,Orákulum,2025-02-26T13:58:46+00:00,topics/17989.md,https://rpgforum.cz/forum/viewtopic.php?p=707452#p707452
17989,[HRA] Putování zimou,707465,Myrick Lysbærer,2025-02-26T21:35:47+00:00,topics/17989.md,https://rpgforum.cz/forum/viewtopic.php?p=707465#p707465
18131,[LOKACE a NPC] Zázemí,697240,Orákulum,2024-07-09T09:21:41+00:00,topics/18131.md,https://rpgforum.cz/forum/viewtopic.php?p=697240#p697240
18131,[LOKACE a NPC] Zázemí,697241,Orákulum,2024-07-09T09:24:23+00:00,topics/18131.md,https://rpgforum.cz/forum/viewtopic.php?p=697241#p697241
18131,[LOKACE a NPC] Zázemí,697243,Orákulum,2024-07-09T09:26:25+00:00,topics/18131.md,https://rpgforum.cz/forum/viewtopic.php?p=697243#p697243
